"ID","Case Number","Date","Block","IUCR","Primary Type","Description","Location Description","Arrest","Domestic","Beat","District","Ward","Community Area","FBI Code","X Coordinate","Y Coordinate","Year","Updated On","Latitude","Longitude","Location"
"28999","JJ539184","12/30/2025 03:04:00 PM","009XX W 85TH ST","0110","HOMICIDE","FIRST DEGREE MURDER","APARTMENT","false","false","0613","006","17","71","01A","1171676","1848472","2025","01/07/2026 03:44:10 PM","41.739662581","-87.646586429","(41.739662581, -87.646586429)"
"28998","JJ539095","12/30/2025 01:58:00 PM","007XX N SPAULDING AVE","0110","HOMICIDE","FIRST DEGREE MURDER","STREET","false","false","1121","011","27","23","01A","1154240","1904796","2025","01/07/2026 03:44:10 PM","41.894587193","-87.708970317","(41.894587193, -87.708970317)"
"28997","JJ518046","12/30/2025 02:18:00 AM","015XX E 74TH ST","0110","HOMICIDE","FIRST DEGREE MURDER","STREET","false","false","0324","003","8","43","01A","1187743","1856228","2025","01/07/2026 03:44:10 PM","41.760578867","-87.587473675","(41.760578867, -87.587473675)"
"28995","JJ536795","12/28/2025 03:14:00 AM","004XX N LA SALLE DR","0110","HOMICIDE","FIRST DEGREE MURDER","STREET","false","false","1831","018","42","8","01A","1175059","1903379","2025","01/05/2026 03:43:46 PM","41.890257683","-87.63255111","(41.890257683, -87.63255111)"
"28994","JJ535884","12/27/2025 04:15:00 AM","052XX N SHERIDAN RD","0110","HOMICIDE","FIRST DEGREE MURDER","STREET","false","false","2023","020","48","77","01A","1168697","1934885","2025","01/04/2026 03:41:22 PM","41.976851852","-87.654999693","(41.976851852, -87.654999693)"
"28992","JJ535721","12/26/2025 10:30:00 PM","004XX E 72ND ST","0110","HOMICIDE","FIRST DEGREE MURDER","APARTMENT","false","false","0323","003","6","69","01A","1180590","1857382","2025","01/03/2026 03:41:35 PM","41.763912764","-87.613654037","(41.763912764, -87.613654037)"
"28991","JJ535495","12/26/2025 05:50:00 PM","080XX S HARVARD AVE","0110","HOMICIDE","FIRST DEGREE MURDER","ALLEY","false","false","0623","006","6","44","01A","1175350","1851698","2025","01/03/2026 03:41:35 PM","41.748433888","-87.633029308","(41.748433888, -87.633029308)"
"28990","JJ534708","12/25/2025 10:38:00 PM","074XX S COTTAGE GROVE AVE","0110","HOMICIDE","FIRST DEGREE MURDER","STREET","false","false","0323","003","6","69","01A","1182845","1855957","2025","01/02/2026 03:42:16 PM","41.759950351","-87.605433227","(41.759950351, -87.605433227)"
"28988","JJ533043","12/24/2025 12:40:00 AM","070XX S HALSTED ST","0110","HOMICIDE","FIRST DEGREE MURDER","PARKING LOT","false","false","0732","007","6","68","01A","1172186","1858083","2025","01/01/2026 03:46:55 PM","41.766025213","-87.644435915","(41.766025213, -87.644435915)"
"28987","JJ531908","12/23/2025 07:00:00 AM","016XX E 95TH ST","0110","HOMICIDE","FIRST DEGREE MURDER","PARKING LOT","false","false","0431","004","7","51","01A","1188861","1842311","2025","12/31/2025 03:41:59 PM","41.722362598","-87.58382047","(41.722362598, -87.58382047)"
"28986","JJ531804","12/23/2025 02:09:00 AM","001XX N WELLS ST","0110","HOMICIDE","FIRST DEGREE MURDER","CTA ""L"" TRAIN","true","false","0122","001","42","32","01A","1174701","1901579","2025","01/12/2026 03:41:00 PM","41.885326396","-87.633919718","(41.885326396, -87.633919718)"
"28985","JJ528272","12/22/2025 04:28:00 PM","026XX W 23RD PL","0110","HOMICIDE","FIRST DEGREE MURDER","STREET","false","false","1034","010","25","30","01A","1159221","1888303","2025","12/30/2025 03:41:58 PM","41.84922788","-87.691129694","(41.84922788, -87.691129694)"
"28984","JJ530412","12/21/2025 08:10:00 PM","038XX W WEST END AVE","0110","HOMICIDE","FIRST DEGREE MURDER","STREET","true","false","1122","011","28","26","01A","1150725","1900542","2025","01/24/2026 03:41:03 PM","41.882983235","-87.721991294","(41.882983235, -87.721991294)"
"28983","JJ528680","12/20/2025 09:05:00 AM","022XX E 103RD ST","0110","HOMICIDE","FIRST DEGREE MURDER","STREET","false","false","0434","004","7","51","01A","1192874","1837123","2025","12/28/2025 03:46:39 PM","41.708029389","-87.569290282","(41.708029389, -87.569290282)"
"28982","JJ526178","12/18/2025 02:08:00 AM","065XX S TALMAN AVE","0110","HOMICIDE","FIRST DEGREE MURDER","APARTMENT","false","false","0831","008","16","66","01A","1159836","1861115","2025","12/26/2025 03:42:08 PM","41.774607973","-87.689619995","(41.774607973, -87.689619995)"
"28981","JJ525628","12/17/2025 03:55:00 PM","007XX S CARPENTER ST","0110","HOMICIDE","FIRST DEGREE MURDER","APARTMENT","true","false","1232","012","34","28","01A","1169468","1896836","2025","04/22/2026 03:41:10 PM","41.872426688","-87.653274109","(41.872426688, -87.653274109)"
"29061","JH149756","12/16/2025 05:29:00 PM","023XX W 66TH ST","0110","HOMICIDE","FIRST DEGREE MURDER","STREET","false","false","0832","008","16","66","01A","1161787","1860828","2025","03/09/2026 03:51:51 PM","41.773780109","-87.682475867","(41.773780109, -87.682475867)"
"28980","JJ523572","12/15/2025 09:00:00 PM","130XX S CHAMPLAIN AVE","0110","HOMICIDE","FIRST DEGREE MURDER","HOUSE","false","false","0533","005","10","54","01A","1183231","1818690","2025","12/23/2025 03:42:08 PM","41.657676054","-87.605173516","(41.657676054, -87.605173516)"
"28979","JJ520796","12/13/2025 03:40:00 AM","007XX N LAWNDALE AVE","0110","HOMICIDE","FIRST DEGREE MURDER","STREET","true","false","1112","011","27","23","01A","1151585","1904742","2025","01/29/2026 03:42:14 PM","41.894491615","-87.718722846","(41.894491615, -87.718722846)"
"28978","JJ518406","12/11/2025 05:40:00 AM","051XX W DEMING PL","0110","HOMICIDE","FIRST DEGREE MURDER","APARTMENT","false","true","2521","025","31","19","01A","1141743","1916482","2025","01/13/2026 03:57:41 PM","41.926895251","-87.754579091","(41.926895251, -87.754579091)"
"28977","JJ518378","12/11/2025 04:30:00 AM","092XX S MERRILL AVE","0110","HOMICIDE","FIRST DEGREE MURDER","ALLEY","false","false","0413","004","7","48","01A","1192120","1844080","2025","12/19/2025 03:43:07 PM","41.727138424","-87.571826079","(41.727138424, -87.571826079)"
"28976","JJ515948","12/09/2025 12:51:00 AM","018XX S RIDGEWAY AVE","0110","HOMICIDE","FIRST DEGREE MURDER","ALLEY","false","false","1014","010","24","29","01A","1151663","1890655","2025","12/17/2025 03:42:27 PM","41.855833804","-87.718806798","(41.855833804, -87.718806798)"
"28975","JJ514795","12/08/2025 03:07:00 AM","096XX S AVENUE N","0110","HOMICIDE","FIRST DEGREE MURDER","APARTMENT","true","true","0432","004","10","52","01A","1201126","1841841","2025","12/16/2025 03:44:01 PM","41.720771071","-87.538912339","(41.720771071, -87.538912339)"
"28974","JJ512708","12/06/2025 12:20:00 AM","038XX W ADAMS ST","0110","HOMICIDE","FIRST DEGREE MURDER","STREET","false","false","1122","011","28","26","01A","1150810","1898737","2025","12/14/2025 03:41:44 PM","41.878028456","-87.721726402","(41.878028456, -87.721726402)"
"28972","JJ507309","12/01/2025 06:23:00 AM","109XX S STATE ST","0110","HOMICIDE","FIRST DEGREE MURDER","PORCH","false","false","0513","005","9","49","01A","1178200","1832239","2025","12/09/2025 03:42:11 PM","41.694971728","-87.623174183","(41.694971728, -87.623174183)"
"28971","JJ507076","11/30/2025 08:03:00 PM","008XX S CLAREMONT AVE","0110","HOMICIDE","FIRST DEGREE MURDER","ALLEY","false","false","1225","012","28","28","01A","1160851","1896196","2025","12/08/2025 03:43:10 PM","41.870853451","-87.684928629","(41.870853451, -87.684928629)"
"28970","JJ506963","11/30/2025 05:28:00 PM","041XX S WABASH AVE","0110","HOMICIDE","FIRST DEGREE MURDER","STREET","false","false","0213","002","3","38","01A","1177404","1877523","2025","12/08/2025 03:43:10 PM","41.819254199","-87.624722906","(41.819254199, -87.624722906)"
"28973","JJ502593","11/28/2025 03:15:00 PM","077XX S CARPENTER ST","0110","HOMICIDE","FIRST DEGREE MURDER","HOUSE","false","true","0612","006","17","71","01A","1170655","1853505","2025","12/06/2025 03:41:51 PM","41.753496107","-87.650180812","(41.753496107, -87.650180812)"
"28969","JJ504503","11/28/2025 12:24:00 AM","051XX S LUNA AVE","0110","HOMICIDE","FIRST DEGREE MURDER","STREET","true","false","0814","008","23","56","01A","1140228","1870089","2025","02/22/2026 03:41:00 PM","41.799614449","-87.761282055","(41.799614449, -87.761282055)"
"28967","JJ503782","11/27/2025 03:05:00 AM","012XX W 111TH PL","0110","HOMICIDE","FIRST DEGREE MURDER","HOUSE","true","true","2234","022","21","75","01A","1170048","1830842","2025","04/06/2026 03:42:39 PM","41.691318699","-87.653061527","(41.691318699, -87.653061527)"
"28968","JJ502745","11/26/2025 06:32:00 AM","068XX S CALUMET AVE","0110","HOMICIDE","FIRST DEGREE MURDER","APARTMENT","false","true","0322","003","6","69","01A","1179659","1859729","2025","12/04/2025 03:42:09 PM","41.770374503","-87.616994694","(41.770374503, -87.616994694)"
"28966","JJ500111","11/23/2025 09:52:00 PM","012XX S INDEPENDENCE BLVD","0110","HOMICIDE","FIRST DEGREE MURDER","STREET","false","false","1011","010","24","29","01A","1151445","1894282","2025","12/01/2025 03:42:34 PM","41.865790996","-87.719511791","(41.865790996, -87.719511791)"
"28965","JJ499338","11/23/2025 07:53:00 AM","002XX S WABASH AVE","0110","HOMICIDE","FIRST DEGREE MURDER","STREET","true","false","0113","001","34","32","01A","1176847","1899303","2025","12/01/2025 03:42:34 PM","41.87903266","-87.626108184","(41.87903266, -87.626108184)"
"29031","JJ448432","11/22/2025 10:09:00 AM","030XX W ARTHINGTON ST","0110","HOMICIDE","FIRST DEGREE MURDER","STREET","false","false","1134","011","28","27","01A","1156310","1895884","2025","02/05/2026 03:40:58 PM","41.870090208","-87.701608713","(41.870090208, -87.701608713)"
"29120","D262438","11/22/2025 04:24:00 AM","004XX W 64TH ST","0110","HOMICIDE","FIRST DEGREE MURDER","STREET","false","false","0722","007","20","68","01A","1174286","1862483","2025","04/29/2026 03:46:36 PM","41.778052905","-87.636608058","(41.778052905, -87.636608058)"
"28964","JJ498109","11/22/2025 02:11:00 AM","008XX N WALLER AVE","0110","HOMICIDE","FIRST DEGREE MURDER","STREET","false","false","1511","015","29","25","01A","1138208","1904983","2025","11/30/2025 03:43:03 PM","41.89540539","-87.767847446","(41.89540539, -87.767847446)"
"28962","JJ498040","11/22/2025 12:19:00 AM","000XX W 111TH ST","0110","HOMICIDE","FIRST DEGREE MURDER","GAS STATION","false","false","0513","005","9","49","01A","1178040","1831365","2025","11/30/2025 03:43:03 PM","41.692576964","-87.623786349","(41.692576964, -87.623786349)"
"28963","JJ498045","11/21/2025 10:59:00 PM","001XX S DEARBORN ST","0110","HOMICIDE","FIRST DEGREE MURDER","STREET","false","false","0112","001","34","32","01A","1175959","1899607","2025","11/29/2025 03:42:11 PM","41.879886887","-87.629359567","(41.879886887, -87.629359567)"
"28961","JJ497610","11/21/2025 04:49:00 PM","006XX W DIVISION ST","0110","HOMICIDE","FIRST DEGREE MURDER","APARTMENT","false","false","1822","018","27","8","01A","1171555","1908243","2025","11/29/2025 03:42:11 PM","41.903682596","-87.645276055","(41.903682596, -87.645276055)"
"28960","JJ496890","11/21/2025 04:21:00 AM","045XX W FIFTH AVE","0110","HOMICIDE","FIRST DEGREE MURDER","STREET","true","false","1131","011","24","26","01A","1146311","1895563","2025","12/18/2025 03:41:16 PM","41.869405406","-87.738326608","(41.869405406, -87.738326608)"
"28957","JJ491049","11/16/2025 08:43:00 AM","001XX N ELIZABETH ST","0110","HOMICIDE","FIRST DEGREE MURDER","STREET","false","false","1224","012","27","28","01A","1167913","1901457","2025","11/24/2025 03:41:59 PM","41.885140728","-87.658849841","(41.885140728, -87.658849841)"
"28956","JJ490283","11/15/2025 03:37:00 PM","092XX S LA SALLE ST","0110","HOMICIDE","FIRST DEGREE MURDER","STREET","false","false","0634","006","9","49","01A","1176901","1843756","2025","11/23/2025 03:42:58 PM","41.726605262","-87.627584587","(41.726605262, -87.627584587)"
"28955","JJ490161","11/15/2025 11:50:00 AM","005XX N CENTRAL AVE","0110","HOMICIDE","FIRST DEGREE MURDER","ALLEY","false","false","1523","015","37","25","01A","1138938","1903072","2025","11/23/2025 03:42:58 PM","41.890148134","-87.765212765","(41.890148134, -87.765212765)"
"28954","JJ489740","11/15/2025 02:44:00 AM","015XX N HONORE ST","0110","HOMICIDE","FIRST DEGREE MURDER","ALLEY","false","false","1424","014","1","24","01A","1163780","1910430","2025","11/23/2025 03:42:58 PM","41.909851453","-87.673773564","(41.909851453, -87.673773564)"
"28953","JJ488379","11/14/2025 01:25:00 AM","076XX S SANGAMON ST","0110","HOMICIDE","FIRST DEGREE MURDER","STREET","false","false","0621","006","17","71","01A","1171299","1854186","2025","11/22/2025 03:43:00 PM","41.755350802","-87.647800904","(41.755350802, -87.647800904)"
"28952","JJ487001","11/12/2025 07:44:00 PM","076XX S STONY ISLAND AVE","0110","HOMICIDE","FIRST DEGREE MURDER","PARKING LOT","true","false","0411","004","8","43","01A","1188243","1854803","2025","01/07/2026 03:43:04 PM","41.756656628","-87.585686572","(41.756656628, -87.585686572)"
"28951","JJ474883","11/11/2025 01:18:00 AM","030XX S TRUMBULL AVE","0110","HOMICIDE","FIRST DEGREE MURDER","STREET","false","false","1032","010","22","30","01A","1153851","1884130","2025","11/19/2025 03:43:46 PM","41.837885173","-87.710949285","(41.837885173, -87.710949285)"
"28947","JJ484853","11/11/2025 12:15:00 AM","005XX N CENTRAL AVE","0110","HOMICIDE","FIRST DEGREE MURDER","YARD","false","false","1523","015","37","25","01A","1138937","1903092","2025","11/19/2025 03:43:46 PM","41.890203035","-87.765215951","(41.890203035, -87.765215951)"
"28946","JJ482411","11/08/2025 06:39:00 PM","038XX W 26TH ST","0110","HOMICIDE","FIRST DEGREE MURDER","STREET","true","false","1013","010","22","30","01A","1150978","1886444","2025","02/27/2026 03:40:48 PM","41.844291726","-87.721431241","(41.844291726, -87.721431241)"
"28945","JJ482411","11/08/2025 06:17:00 PM","038XX W 26TH ST","0110","HOMICIDE","FIRST DEGREE MURDER","STREET","true","false","1013","010","22","30","01A","1150978","1886444","2025","02/27/2026 03:40:48 PM","41.844291726","-87.721431241","(41.844291726, -87.721431241)"
"28948","JJ439777","11/08/2025 08:51:00 AM","034XX W OGDEN AVE","0110","HOMICIDE","FIRST DEGREE MURDER","STREET","false","false","1024","010","24","29","01A","1153548","1890574","2025","11/16/2025 03:41:53 PM","41.855574302","-87.71189003","(41.855574302, -87.71189003)"
"28944","JJ481507","11/07/2025 10:42:00 PM","088XX S LOWE AVE","0110","HOMICIDE","FIRST DEGREE MURDER","STREET","false","false","2223","022","21","71","01A","1173520","1846227","2025","11/15/2025 03:41:24 PM","41.733461423","-87.639896583","(41.733461423, -87.639896583)"
"28943","JJ481493","11/07/2025 10:10:00 PM","009XX W 63RD PKWY","0110","HOMICIDE","FIRST DEGREE MURDER","AUTO","false","false","0712","007","16","68","01A","1171301","1863652","2025","11/15/2025 03:41:24 PM","41.781326622","-87.647516964","(41.781326622, -87.647516964)"
"28942","JJ479152","11/05/2025 11:36:00 PM","072XX S SANGAMON ST","0110","HOMICIDE","FIRST DEGREE MURDER","ALLEY","false","false","0733","007","17","68","01A","1171229","1856784","2025","11/13/2025 03:44:10 PM","41.762481575","-87.647981584","(41.762481575, -87.647981584)"
"28941","JJ478713","11/05/2025 05:29:00 PM","028XX N WOODARD ST","0110","HOMICIDE","FIRST DEGREE MURDER","HOUSE","true","true","1412","014","35","21","01A","1153422","1918925","2025","11/13/2025 03:44:10 PM","41.933374704","-87.711598439","(41.933374704, -87.711598439)"
"28940","JJ475994","11/04/2025 12:47:00 PM","020XX E 67TH ST","0110","HOMICIDE","FIRST DEGREE MURDER","STREET","true","false","0331","003","5","42","01A","1190877","1860950","2025","03/17/2026 03:41:21 PM","41.773461272","-87.575835221","(41.773461272, -87.575835221)"
"28938","JJ475054","11/02/2025 07:50:00 PM","040XX S PULASKI RD","0110","HOMICIDE","FIRST DEGREE MURDER","RESTAURANT","false","false","0815","008","14","57","01A","1150354","1877136","2025","11/10/2025 03:44:45 PM","41.818761509","-87.723963543","(41.818761509, -87.723963543)"
"29113","JJ421957","11/02/2025 04:21:00 PM","023XX W 21ST PL","0110","HOMICIDE","FIRST DEGREE MURDER","STREET","true","false","1234","012","25","31","01A","1161077","1889682","2025","04/13/2026 04:00:35 PM","41.852973709","-87.684279702","(41.852973709, -87.684279702)"
"28937","JJ472469","10/31/2025 04:48:00 PM","013XX W GRENSHAW ST","0110","HOMICIDE","FIRST DEGREE MURDER","STREET","false","false","1231","012","28","28","01A","1167646","1895131","2025","11/08/2025 03:44:52 PM","41.867787447","-87.660012543","(41.867787447, -87.660012543)"
"28932","JJ467479","10/27/2025 05:27:00 PM","076XX S VINCENNES AVE","0110","HOMICIDE","FIRST DEGREE MURDER","STREET","true","false","0623","006","17","69","01A","1175515","1854490","2025","04/09/2026 04:04:45 PM","41.756091788","-87.632341337","(41.756091788, -87.632341337)"
"28931","JJ465813","10/26/2025 10:32:00 AM","110XX S MACKINAW AVE","0110","HOMICIDE","FIRST DEGREE MURDER","VACANT LOT","false","false","0433","004","10","52","01A","1200212","1832345","2025","11/03/2025 03:43:42 PM","41.694736322","-87.542579423","(41.694736322, -87.542579423)"
"28930","JJ464987","10/26/2025 03:54:00 AM","031XX S ST LOUIS AVE","0110","HOMICIDE","FIRST DEGREE MURDER","PARKING LOT","false","false","1032","010","22","30","01A","1153546","1883633","2025","11/03/2025 03:43:42 PM","41.836527402","-87.712081669","(41.836527402, -87.712081669)"
"28929","JJ464545","10/25/2025 06:02:00 AM","010XX N KOSTNER AVE","0110","HOMICIDE","FIRST DEGREE MURDER","STREET","false","false","1111","011","37","23","01A","1146856","1906381","2025","11/02/2025 03:42:29 PM","41.899080853","-87.736049322","(41.899080853, -87.736049322)"
"29074","JJ461580","10/22/2025 07:23:00 PM","066XX S SACRAMENTO AVE","0110","HOMICIDE","FIRST DEGREE MURDER","APARTMENT","false","false","0831","008","15","66","01A","1157524","1860521","2025","03/15/2026 03:47:15 PM","41.773025125","-87.698111564","(41.773025125, -87.698111564)"
"28928","JJ461283","10/22/2025 04:08:00 PM","049XX W ERIE ST","0110","HOMICIDE","FIRST DEGREE MURDER","STREET","false","false","1532","015","37","25","01A","1143225","1903862","2025","10/30/2025 03:50:32 PM","41.892237019","-87.749448993","(41.892237019, -87.749448993)"
"28927","JJ460760","10/22/2025 08:15:00 AM","081XX S MARSHFIELD AVE","0110","HOMICIDE","FIRST DEGREE MURDER","APARTMENT","false","false","0614","006","17","71","01A","1166760","1850648","2025","10/30/2025 03:50:32 PM","41.74574008","-87.664535966","(41.74574008, -87.664535966)"
"28926","JJ460760","10/22/2025 08:15:00 AM","081XX S MARSHFIELD AVE","0110","HOMICIDE","FIRST DEGREE MURDER","APARTMENT","false","false","0614","006","17","71","01A","1166760","1850648","2025","10/30/2025 03:50:32 PM","41.74574008","-87.664535966","(41.74574008, -87.664535966)"
"28924","JJ460012","10/21/2025 03:38:00 PM","041XX W WEST END AVE","0110","HOMICIDE","FIRST DEGREE MURDER","STREET","false","false","1114","011","28","26","01A","1148724","1900651","2025","10/29/2025 03:44:51 PM","41.883321223","-87.729336303","(41.883321223, -87.729336303)"
"28923","JJ459173","10/20/2025 06:59:00 PM","021XX W 52ND PL","0110","HOMICIDE","FIRST DEGREE MURDER","STREET","false","false","0932","009","16","61","01A","1163062","1869662","2025","10/28/2025 03:42:01 PM","41.797995188","-87.67755497","(41.797995188, -87.67755497)"
"28922","JJ455814","10/18/2025 01:03:00 AM","054XX S SHIELDS AVE","0110","HOMICIDE","FIRST DEGREE MURDER","STREET","true","true","0935","009","20","37","01A","1174877","1868941","2025","10/26/2025 03:54:36 PM","41.795761181","-87.634248942","(41.795761181, -87.634248942)"
"28921","JJ455712","10/17/2025 10:56:00 PM","028XX N LEAVITT ST","0110","HOMICIDE","FIRST DEGREE MURDER","APARTMENT","true","false","1931","019","32","5","01A","1161638","1918807","2025","10/25/2025 03:43:27 PM","41.93288344","-87.68140843","(41.93288344, -87.68140843)"
"28920","JJ455562","10/17/2025 07:20:00 PM","031XX S PRINCETON AVE","0110","HOMICIDE","FIRST DEGREE MURDER","AUTO","true","true","0915","009","11","34","01A","1174795","1884240","2025","03/25/2026 03:55:08 PM","41.837744867","-87.634093111","(41.837744867, -87.634093111)"
"28919","JJ455198","10/17/2025 03:28:00 PM","015XX S HOMAN AVE","0110","HOMICIDE","FIRST DEGREE MURDER","YARD","false","false","1021","010","24","29","01A","1153948","1892323","2025","10/25/2025 03:43:27 PM","41.860365804","-87.710375253","(41.860365804, -87.710375253)"
"28918","JJ454465","10/16/2025 11:06:00 PM","088XX S MARQUETTE AVE","0110","HOMICIDE","FIRST DEGREE MURDER","YARD","false","false","0423","004","7","46","01A","1195790","1846928","2025","10/24/2025 03:42:34 PM","41.7348637","-87.558288701","(41.7348637, -87.558288701)"
"28917","JJ451965","10/14/2025 11:48:00 PM","000XX W 44TH ST","0110","HOMICIDE","FIRST DEGREE MURDER","STREET","false","false","0215","002","3","38","01A","1176921","1875852","2025","10/22/2025 03:42:01 PM","41.814679746","-87.626545144","(41.814679746, -87.626545144)"
"28916","JJ450287","10/13/2025 05:15:00 PM","003XX W ROOT ST","0110","HOMICIDE","FIRST DEGREE MURDER","STREET","false","false","0925","009","3","37","01A","1174762","1877437","2025","10/21/2025 03:46:26 PM","41.819077587","-87.63441729","(41.819077587, -87.63441729)"
"28915","JJ448559","10/12/2025 02:53:00 AM","064XX S FAIRFIELD AVE","0110","HOMICIDE","FIRST DEGREE MURDER","YARD","true","false","0825","008","16","66","01A","1159153","1861766","2025","10/20/2025 03:43:24 PM","41.776408412","-87.692105986","(41.776408412, -87.692105986)"
"28914","JJ448302","10/11/2025 08:08:00 PM","059XX S NORMANDY AVE","0110","HOMICIDE","FIRST DEGREE MURDER","STREET","false","false","0811","008","13","64","01A","1132746","1864563","2025","10/19/2025 03:42:33 PM","41.784583451","-87.788849508","(41.784583451, -87.788849508)"
"28913","JJ446884","10/10/2025 02:29:00 PM","097XX S PRINCETON AVE","0110","HOMICIDE","FIRST DEGREE MURDER","STREET","false","false","0511","005","9","49","01A","1176003","1840389","2025","10/18/2025 03:42:09 PM","41.717385916","-87.630974666","(41.717385916, -87.630974666)"
"28912","JJ443971","10/08/2025 03:05:00 AM","060XX S PRAIRIE AVE","0110","HOMICIDE","FIRST DEGREE MURDER","PARKING LOT","false","false","0311","003","20","40","01A","1179076","1864996","2025","10/16/2025 03:42:34 PM","41.784840989","-87.618971338","(41.784840989, -87.618971338)"
"28911","JJ443625","10/07/2025 07:10:00 PM","010XX W 31ST ST","0110","HOMICIDE","FIRST DEGREE MURDER","APARTMENT","false","false","0913","009","11","60","01A","1169996","1884285","2025","10/15/2025 03:55:37 PM","41.837974206","-87.651701404","(41.837974206, -87.651701404)"
"28910","JJ442189","10/06/2025 05:19:00 PM","016XX W 79TH ST","0110","HOMICIDE","FIRST DEGREE MURDER","PARKING LOT","true","false","0611","006","17","71","01A","1166608","1852321","2025","02/13/2026 03:42:59 PM","41.75033427","-87.665045312","(41.75033427, -87.665045312)"
"28909","JJ442109","10/06/2025 05:15:00 PM","000XX N KILBOURN AVE","0110","HOMICIDE","FIRST DEGREE MURDER","GAS STATION","true","false","1113","011","28","26","01A","1146387","1899777","2025","11/16/2025 03:41:06 PM","41.88096768","-87.737940272","(41.88096768, -87.737940272)"
"28908","JJ441599","10/06/2025 09:17:00 AM","056XX W WASHINGTON BLVD","0110","HOMICIDE","FIRST DEGREE MURDER","APARTMENT","false","true","1513","015","29","25","01A","1138415","1900175","2025","10/14/2025 03:58:46 PM","41.88220788","-87.767203679","(41.88220788, -87.767203679)"
"28907","JJ441303","10/06/2025 03:36:00 AM","026XX W 39TH PL","0110","HOMICIDE","FIRST DEGREE MURDER","STREET","true","false","0921","009","12","58","01A","1159522","1878370","2025","04/22/2026 03:41:10 PM","41.821964415","-87.690297894","(41.821964415, -87.690297894)"
"28906","JJ439875","10/04/2025 08:35:00 PM","038XX W ROOSEVELT RD","0110","HOMICIDE","FIRST DEGREE MURDER","PARKING LOT","false","false","1011","010","24","29","01A","1151170","1894442","2025","10/12/2025 03:43:35 PM","41.866235446","-87.720517147","(41.866235446, -87.720517147)"
"28905","JJ439436","10/04/2025 02:38:00 PM","001XX S PULASKI RD","0110","HOMICIDE","FIRST DEGREE MURDER","STREET","false","false","1115","011","28","26","01A","1149755","1898904","2025","10/12/2025 03:43:35 PM","41.878507287","-87.7255958","(41.878507287, -87.7255958)"
"28903","JJ438632","10/03/2025 08:32:00 PM","009XX W 85TH ST","0110","HOMICIDE","FIRST DEGREE MURDER","APARTMENT","false","false","0613","006","17","71","01A","1171688","1848473","2025","10/11/2025 03:44:01 PM","41.739665062","-87.646542433","(41.739665062, -87.646542433)"
"28904","JJ438632","10/03/2025 08:06:00 PM","009XX W 85TH ST","0110","HOMICIDE","FIRST DEGREE MURDER","APARTMENT","false","false","0613","006","17","71","01A","1171688","1848473","2025","10/11/2025 03:44:01 PM","41.739665062","-87.646542433","(41.739665062, -87.646542433)"
"28902","JJ438338","10/03/2025 04:13:00 PM","054XX S WELLS ST","0110","HOMICIDE","FIRST DEGREE MURDER","STREET","true","false","0935","009","20","37","01A","1175530","1868925","2025","03/25/2026 03:55:08 PM","41.795702678","-87.631854853","(41.795702678, -87.631854853)"
"28901","JJ438253","10/03/2025 03:31:00 PM","026XX W CERMAK RD","0110","HOMICIDE","FIRST DEGREE MURDER","PARKING LOT","false","false","1034","010","25","30","01A","1159207","1889299","2025","10/11/2025 03:44:01 PM","41.851961298","-87.691153739","(41.851961298, -87.691153739)"
"28900","JJ437609","10/03/2025 03:00:00 AM","066XX S NORMAL BLVD","0110","HOMICIDE","FIRST DEGREE MURDER","HOUSE","false","true","0722","007","6","68","01A","1174235","1860977","2025","10/11/2025 03:44:01 PM","41.773921405","-87.63683974","(41.773921405, -87.63683974)"
"28899","JJ436459","10/02/2025 08:06:00 AM","100XX S AVENUE N","0110","HOMICIDE","FIRST DEGREE MURDER","PORCH","false","false","0432","004","10","52","01A","1201156","1838984","2025","10/10/2025 03:42:51 PM","41.712930476","-87.538899017","(41.712930476, -87.538899017)"
"28936","JJ385519","09/30/2025 10:46:00 PM","000XX W 69TH ST","0110","HOMICIDE","FIRST DEGREE MURDER","STREET","false","false","0731","007","6","69","01A","1177185","1859273","2025","11/01/2025 03:41:48 PM","41.769179375","-87.626077063","(41.769179375, -87.626077063)"
"28898","JJ433993","09/30/2025 11:43:00 AM","029XX W HARRISON ST","0110","HOMICIDE","FIRST DEGREE MURDER","CHA PARKING LOT","false","false","1135","011","27","27","01A","1156930","1897228","2025","10/08/2025 03:48:59 PM","41.873765737","-87.699296047","(41.873765737, -87.699296047)"
"28897","JJ432992","09/29/2025 05:46:00 PM","025XX E 78TH ST","0110","HOMICIDE","FIRST DEGREE MURDER","ALLEY","false","false","0421","004","7","43","01A","1194343","1853737","2025","10/07/2025 03:43:32 PM","41.753583795","-87.563366582","(41.753583795, -87.563366582)"
"28896","JJ432902","09/29/2025 02:42:00 PM","082XX S WENTWORTH AVE","0110","HOMICIDE","FIRST DEGREE MURDER","HOUSE","false","false","0622","006","6","44","01A","1176420","1850382","2025","10/07/2025 03:43:32 PM","41.744798659","-87.629147941","(41.744798659, -87.629147941)"
"28895","JJ432437","09/29/2025 08:45:00 AM","083XX S BAKER AVE","0110","HOMICIDE","FIRST DEGREE MURDER","STREET","false","false","0424","004","10","46","01A","1198403","1849694","2025","10/07/2025 03:43:32 PM","41.742388845","-87.5486236","(41.742388845, -87.5486236)"
"28893","JJ431180","09/28/2025 01:02:00 AM","012XX S FARRAR DR","0110","HOMICIDE","FIRST DEGREE MURDER","STREET","false","false","1022","010","24","29","01A","1157544","1894094","2025","10/06/2025 03:55:00 PM","41.865153255","-87.697127009","(41.865153255, -87.697127009)"
"28894","JJ431144","09/28/2025 12:01:00 AM","072XX S WINCHESTER AVE","0110","HOMICIDE","FIRST DEGREE MURDER","HOUSE","false","false","0735","007","17","67","01A","1164609","1856626","2025","10/06/2025 03:55:00 PM","41.762190175","-87.672249359","(41.762190175, -87.672249359)"
"28891","JJ429942","09/27/2025 12:57:00 AM","078XX S MARYLAND AVE","0110","HOMICIDE","FIRST DEGREE MURDER","VACANT LOT","false","false","0624","006","8","69","01A","1183261","1853226","2025","10/05/2025 03:43:04 PM","41.752446537","-87.603993456","(41.752446537, -87.603993456)"
"28892","JJ429989","09/27/2025 12:27:00 AM","012XX W SUNNYSIDE AVE","0110","HOMICIDE","FIRST DEGREE MURDER","STREET","false","false","1913","019","46","3","01A","1167297","1930019","2025","10/05/2025 03:43:04 PM","41.963529694","-87.660288652","(41.963529694, -87.660288652)"
"28890","JJ428648","09/25/2025 10:47:00 PM","040XX W WILCOX ST","0110","HOMICIDE","FIRST DEGREE MURDER","STREET","false","false","1115","011","28","26","01A","1149516","1899031","2025","10/03/2025 03:42:47 PM","41.87886043","-87.726470068","(41.87886043, -87.726470068)"
"28889","JJ428499","09/25/2025 07:41:00 PM","133XX S CALUMET AVE","0110","HOMICIDE","FIRST DEGREE MURDER","STREET","false","false","0533","005","9","54","01A","1180829","1816936","2025","10/03/2025 03:42:47 PM","41.652918149","-87.614016387","(41.652918149, -87.614016387)"
"28888","JJ428073","09/25/2025 12:55:00 PM","000XX W 26TH ST","0110","HOMICIDE","FIRST DEGREE MURDER","HOTEL","false","false","0133","001","3","35","01A","1176575","1887109","2025","10/03/2025 03:42:47 PM","41.845577671","-87.627475027","(41.845577671, -87.627475027)"
"28996","JJ423051","09/25/2025 09:48:00 AM","046XX W DIVERSEY AVE","0110","HOMICIDE","FIRST DEGREE MURDER","STREET","true","false","2521","025","31","20","01A","1144951","1918212","2025","02/13/2026 03:42:59 PM","41.931582515","-87.742747165","(41.931582515, -87.742747165)"
"28886","JJ411797","09/23/2025 05:18:00 PM","011XX S MOZART ST","0110","HOMICIDE","FIRST DEGREE MURDER","STREET","true","false","1135","011","28","29","01A","1157532","1894939","2025","12/04/2025 03:41:15 PM","41.867472266","-87.697148073","(41.867472266, -87.697148073)"
"28884","JJ424308","09/22/2025 03:51:00 PM","055XX W LAKE ST","0110","HOMICIDE","FIRST DEGREE MURDER","STREET","false","false","1523","015","37","25","01A","1139282","1902195","2025","09/30/2025 03:45:51 PM","41.887735279","-87.763970791","(41.887735279, -87.763970791)"
"28883","JJ423017","09/21/2025 03:54:00 PM","118XX S EMERALD AVE","0110","HOMICIDE","FIRST DEGREE MURDER","STREET","false","false","0524","005","21","53","01A","1173455","1826177","2025","09/29/2025 03:44:05 PM","41.678442688","-87.640725479","(41.678442688, -87.640725479)"
"28882","JJ422520","09/21/2025 03:14:00 AM","002XX N HALSTED ST","0110","HOMICIDE","FIRST DEGREE MURDER","STREET","false","false","1214","012","27","28","01A","1171006","1901752","2025","09/29/2025 03:44:05 PM","41.885882957","-87.647483237","(41.885882957, -87.647483237)"
"28881","JJ422442","09/21/2025 01:39:00 AM","106XX S AVENUE M","0110","HOMICIDE","FIRST DEGREE MURDER","AUTO","false","false","0432","004","10","52","01A","1201519","1835022","2025","09/29/2025 03:44:05 PM","41.702049219","-87.53770369","(41.702049219, -87.53770369)"
"28880","JJ421438","09/20/2025 07:33:00 AM","034XX W MONROE ST","0110","HOMICIDE","FIRST DEGREE MURDER","APARTMENT","true","true","1123","011","28","27","01A","1153552","1899323","2025","01/08/2026 03:45:27 PM","41.879582441","-87.711642782","(41.879582441, -87.711642782)"
"28885","JJ413450","09/20/2025 12:55:00 AM","009XX W 85TH ST","0110","HOMICIDE","FIRST DEGREE MURDER","STREET","false","false","0613","006","17","71","01A","1171616","1848471","2025","09/28/2025 03:42:59 PM","41.739661151","-87.646806288","(41.739661151, -87.646806288)"
"28879","JJ418955","09/18/2025 11:07:00 AM","069XX S PAULINA ST","0110","HOMICIDE","FIRST DEGREE MURDER","ALLEY","true","false","0735","007","17","67","01A","1166209","1858693","2025","09/26/2025 03:47:33 PM","41.767828409","-87.666326388","(41.767828409, -87.666326388)"
"28877","JJ415511","09/15/2025 05:09:00 PM","068XX S ANTHONY AVE","0110","HOMICIDE","FIRST DEGREE MURDER","APARTMENT","false","false","0322","003","6","69","01A","1180279","1859681","2025","09/23/2025 03:43:31 PM","41.770228593","-87.614723514","(41.770228593, -87.614723514)"
"28876","JJ414756","09/15/2025 05:08:00 AM","106XX S AVENUE M","0110","HOMICIDE","FIRST DEGREE MURDER","STREET","false","false","0432","004","10","52","01A","1201520","1834989","2025","09/23/2025 03:43:31 PM","41.701958639","-87.537701144","(41.701958639, -87.537701144)"
"28875","JJ414608","09/14/2025 11:09:00 PM","050XX N KENMORE AVE","0110","HOMICIDE","FIRST DEGREE MURDER","ALLEY","false","false","2024","020","48","3","01A","1168335","1933955","2025","09/22/2025 03:43:19 PM","41.974307765","-87.656357944","(41.974307765, -87.656357944)"
"28874","JJ413290","09/13/2025 07:56:00 PM","113XX S CARPENTER ST","0110","HOMICIDE","FIRST DEGREE MURDER","ALLEY","false","false","2234","022","21","75","01A","1171350","1829663","2025","09/21/2025 03:51:37 PM","41.688055018","-87.648329098","(41.688055018, -87.648329098)"
"28873","JJ412493","09/13/2025 03:37:00 AM","034XX W WABANSIA AVE","0110","HOMICIDE","FIRST DEGREE MURDER","STREET","true","false","1422","014","26","23","01A","1153294","1911087","2025","10/17/2025 03:41:17 PM","41.911869121","-87.712277446","(41.911869121, -87.712277446)"
"28872","JJ411700","09/12/2025 02:10:00 PM","049XX W MONROE ST","0110","HOMICIDE","FIRST DEGREE MURDER","ALLEY","false","false","1533","015","28","25","01A","1143566","1899210","2025","09/20/2025 03:43:29 PM","41.879465","-87.748313102","(41.879465, -87.748313102)"
"28871","JJ411492","09/12/2025 11:06:00 AM","008XX E 91ST ST","0110","HOMICIDE","FIRST DEGREE MURDER","STREET","false","false","0633","006","8","44","01A","1183443","1844818","2025","09/20/2025 03:43:29 PM","41.72936983","-87.60358779","(41.72936983, -87.60358779)"
"13963328","JJ410016","09/11/2025 04:55:00 AM","006XX N MICHIGAN AVE","0142","HOMICIDE","RECKLESS HOMICIDE","STREET","false","false","1834","018","42","8","01B","1177327","1904307","2025","05/02/2026 03:43:05 PM","41.892753031","-87.624193896","(41.892753031, -87.624193896)"
"28870","JJ409923","09/11/2025 01:00:00 AM","112XX S UNION AVE","0110","HOMICIDE","FIRST DEGREE MURDER","HOUSE","true","false","2233","022","21","49","01A","1173650","1830418","2025","09/21/2025 03:47:50 PM","41.69007636","-87.639886756","(41.69007636, -87.639886756)"
"28868","JJ408484","09/09/2025 08:21:00 PM","074XX S KIMBARK AVE","0110","HOMICIDE","FIRST DEGREE MURDER","STREET","false","false","0324","003","8","43","01A","1186167","1855982","2025","09/17/2025 03:54:39 PM","41.759941172","-87.593257453","(41.759941172, -87.593257453)"
"28867","JJ408118","09/09/2025 04:28:00 PM","008XX E 79TH ST","0110","HOMICIDE","FIRST DEGREE MURDER","BARBER SHOP/BEAUTY SALON","false","false","0624","006","8","44","01A","1183413","1852812","2025","09/17/2025 03:54:39 PM","41.751306941","-87.603449317","(41.751306941, -87.603449317)"
"28866","JJ407910","09/09/2025 01:17:00 PM","025XX E 79TH ST","0110","HOMICIDE","FIRST DEGREE MURDER","STREET","false","false","0421","004","7","43","01A","1194417","1853077","2025","09/17/2025 03:54:39 PM","41.751770885","-87.563117056","(41.751770885, -87.563117056)"
"28865","JJ407278","09/08/2025 10:12:00 PM","095XX S HALSTED ST","0110","HOMICIDE","FIRST DEGREE MURDER","CTA PROPERTY","true","false","2223","022","21","73","01A","1172654","1841670","2025","10/08/2025 03:45:03 PM","41.720975481","-87.643203009","(41.720975481, -87.643203009)"
"28864","JJ406253","09/08/2025 09:42:00 AM","022XX S STATE ST","0110","HOMICIDE","FIRST DEGREE MURDER","STREET","true","false","0131","001","3","33","01A","1176662","1889603","2025","12/04/2025 03:41:15 PM","41.852419423","-87.627080475","(41.852419423, -87.627080475)"
"28863","JJ405956","09/07/2025 11:25:00 PM","000XX N WESTERN AVE","0110","HOMICIDE","FIRST DEGREE MURDER","GAS STATION","false","false","1223","012","27","28","01A","1160400","1900403","2025","09/15/2025 03:43:42 PM","41.882407184","-87.686468002","(41.882407184, -87.686468002)"
"28862","JJ405846","09/07/2025 07:47:00 PM","048XX W FULTON ST","0110","HOMICIDE","FIRST DEGREE MURDER","YARD","true","false","1532","015","28","25","01A","1143898","1901492","2025","11/21/2025 03:42:04 PM","41.885720867","-87.74703679","(41.885720867, -87.74703679)"
"28861","JJ405076","09/07/2025 05:42:00 AM","035XX S ARCHER AVE","0110","HOMICIDE","FIRST DEGREE MURDER","CTA PROPERTY","true","false","0912","009","12","59","01A","1162049","1880721","2025","09/15/2025 03:43:42 PM","41.828363555","-87.680961958","(41.828363555, -87.680961958)"
"28860","JJ404146","09/06/2025 11:10:00 AM","003XX W 93RD ST","0110","HOMICIDE","FIRST DEGREE MURDER","HOUSE","true","false","0634","006","9","49","01A","1175588","1843432","2025","11/28/2025 03:41:20 PM","41.725745603","-87.632403887","(41.725745603, -87.632403887)"
"28859","JJ404089","09/06/2025 10:35:00 AM","030XX W POLK ST","0110","HOMICIDE","FIRST DEGREE MURDER","STREET","true","false","1134","011","28","27","01A","1156245","1896214","2025","09/14/2025 03:47:27 PM","41.870997075","-87.701838436","(41.870997075, -87.701838436)"
"28858","JJ403653","09/05/2025 09:57:00 PM","013XX S MICHIGAN AVE","0110","HOMICIDE","FIRST DEGREE MURDER","STREET","true","false","0131","001","3","33","01A","1177434","1894309","2025","09/13/2025 04:01:55 PM","41.865315536","-87.624104363","(41.865315536, -87.624104363)"
"28857","JJ397324","09/05/2025 09:16:00 AM","082XX S ST LOUIS AVE","0110","HOMICIDE","FIRST DEGREE MURDER","STREET","false","false","0834","008","18","70","01A","1154493","1849540","2025","09/13/2025 04:01:55 PM","41.742952387","-87.709514452","(41.742952387, -87.709514452)"
"28856","JJ400163","09/03/2025 03:30:00 PM","043XX W MONROE ST","0110","HOMICIDE","FIRST DEGREE MURDER","STREET","false","false","1115","011","28","26","01A","1147448","1899308","2025","09/11/2025 04:04:22 PM","41.879660425","-87.73405634","(41.879660425, -87.73405634)"
"28854","JJ397618","09/01/2025 12:49:00 PM","026XX S KOLIN AVE","0110","HOMICIDE","FIRST DEGREE MURDER","STREET","true","false","1031","010","22","30","01A","1147821","1885916","2025","09/09/2025 04:14:42 PM","41.842903964","-87.733030551","(41.842903964, -87.733030551)"
"28853","JJ397016","08/31/2025 08:38:00 PM","024XX S DRAKE AVE","0110","HOMICIDE","FIRST DEGREE MURDER","ALLEY","false","false","1024","010","22","30","01A","1153090","1887560","2025","09/08/2025 04:14:49 PM","41.847312612","-87.713650953","(41.847312612, -87.713650953)"
"28852","JJ396921","08/31/2025 07:47:00 PM","132XX S ELLIS AVE","0110","HOMICIDE","FIRST DEGREE MURDER","STREET","true","false","0533","005","10","54","01A","1185544","1817582","2025","09/08/2025 04:14:49 PM","41.654581609","-87.596744537","(41.654581609, -87.596744537)"
"28851","JJ396061","08/31/2025 03:02:00 AM","063XX S ELIZABETH ST","0110","HOMICIDE","FIRST DEGREE MURDER","APARTMENT","true","false","0724","007","16","67","01A","1169078","1862702","2025","10/24/2025 03:41:42 PM","41.778768071","-87.655694415","(41.778768071, -87.655694415)"
"28850","JJ396021","08/31/2025 02:29:00 AM","019XX W 17TH ST","0110","HOMICIDE","FIRST DEGREE MURDER","STREET","false","false","1234","012","25","31","01A","1163812","1891753","2025","09/08/2025 04:14:49 PM","41.858599563","-87.674183011","(41.858599563, -87.674183011)"
"28849","JJ395773","08/30/2025 08:36:00 PM","009XX E 131ST ST","0110","HOMICIDE","FIRST DEGREE MURDER","CHA GROUNDS","false","false","0533","005","10","54","01A","1184687","1818555","2025","09/07/2025 03:57:31 PM","41.657271718","-87.599849988","(41.657271718, -87.599849988)"
"28848","JJ395241","08/30/2025 11:43:00 AM","005XX N SAWYER AVE","0110","HOMICIDE","FIRST DEGREE MURDER","STREET","false","false","1121","011","27","23","01A","1154613","1903444","2025","09/07/2025 03:57:31 PM","41.890869719","-87.707636599","(41.890869719, -87.707636599)"
"28855","JJ394968","08/30/2025 04:00:00 AM","002XX N LAKEFRONT DR","0110","HOMICIDE","FIRST DEGREE MURDER","LAKE","true","false","0114","001","42","32","01A","1180456","1901861","2025","02/05/2026 03:40:58 PM","41.885969562","-87.612777909","(41.885969562, -87.612777909)"
"28847","JJ394850","08/30/2025 12:36:00 AM","077XX S ESSEX AVE","0110","HOMICIDE","FIRST DEGREE MURDER","APARTMENT","true","false","0421","004","7","43","01A","1194204","1854115","2025","01/01/2026 03:46:06 PM","41.754624469","-87.563863568","(41.754624469, -87.563863568)"
"28846","JJ393015","08/28/2025 10:19:00 PM","006XX W 47TH ST","0110","HOMICIDE","FIRST DEGREE MURDER","ALLEY","true","false","0925","009","15","61","01A","1172831","1873725","2025","09/05/2025 04:05:01 PM","41.808934381","-87.641610504","(41.808934381, -87.641610504)"
"28844","JJ391436","08/27/2025 12:36:00 PM","052XX W GLADYS AVE","0110","HOMICIDE","FIRST DEGREE MURDER","GANGWAY","false","false","1522","015","29","25","01A","1141451","1897839","2025","09/04/2025 03:58:58 PM","41.8757421","-87.756113013","(41.8757421, -87.756113013)"
"28843","JJ390980","08/27/2025 02:40:00 AM","001XX N MASON AVE","0110","HOMICIDE","FIRST DEGREE MURDER","APARTMENT","false","false","1512","015","29","25","01A","1136749","1900440","2025","09/04/2025 03:58:58 PM","41.88296507","-87.773314984","(41.88296507, -87.773314984)"
"28842","JJ389673","08/26/2025 03:21:00 AM","009XX W 78TH ST","0110","HOMICIDE","FIRST DEGREE MURDER","APARTMENT","true","true","0621","006","17","71","01A","1171216","1853110","2025","02/18/2026 03:55:47 PM","41.752399933","-87.648136482","(41.752399933, -87.648136482)"
"28845","JJ387035","08/25/2025 05:39:00 PM","030XX S HAMLIN AVE","0110","HOMICIDE","FIRST DEGREE MURDER","ALLEY","false","false","1031","010","22","30","01A","1151523","1884114","2025","09/02/2025 03:50:33 PM","41.837887238","-87.71949228","(41.837887238, -87.71949228)"
"28841","JJ388282","08/25/2025 12:28:00 AM","048XX W SUPERIOR ST","0110","HOMICIDE","FIRST DEGREE MURDER","STREET","false","false","1531","015","37","25","01A","1143959","1904526","2025","09/02/2025 03:50:33 PM","41.894045374","-87.746736617","(41.894045374, -87.746736617)"
"28840","JJ388199","08/24/2025 10:19:00 PM","080XX S INGLESIDE AVE","0110","HOMICIDE","FIRST DEGREE MURDER","HOUSE","true","false","0631","006","8","44","01A","1183956","1851990","2025","04/08/2026 03:44:06 PM","41.74903863","-87.601485132","(41.74903863, -87.601485132)"
"28839","JJ387106","08/24/2025 07:52:00 AM","038XX W CHICAGO AVE","0110","HOMICIDE","FIRST DEGREE MURDER","STREET","false","false","1112","011","37","23","01A","1150471","1905064","2025","09/01/2025 04:28:01 PM","41.895397041","-87.722805855","(41.895397041, -87.722805855)"
"28838","JJ384653","08/22/2025 07:42:00 PM","049XX S ARCHER AVE","0110","HOMICIDE","FIRST DEGREE MURDER","AUTO","true","false","0821","008","14","57","01A","1151005","1871530","2025","12/21/2025 03:42:59 PM","41.803365154","-87.721721771","(41.803365154, -87.721721771)"
"28834","JJ384512","08/21/2025 11:30:00 PM","039XX W GLADYS AVE","0110","HOMICIDE","FIRST DEGREE MURDER","STREET","false","false","1132","011","28","26","01A","1150146","1898064","2025","08/29/2025 03:46:10 PM","41.876194627","-87.724182009","(41.876194627, -87.724182009)"
"28835","JJ384488","08/21/2025 11:14:00 PM","003XX S MAPLEWOOD AVE","0110","HOMICIDE","FIRST DEGREE MURDER","ALLEY","false","false","1125","011","27","28","01A","1159434","1898293","2025","08/29/2025 03:46:10 PM","41.876637074","-87.690073243","(41.876637074, -87.690073243)"
"28833","JJ384488","08/21/2025 10:43:00 PM","003XX S MAPLEWOOD AVE","0110","HOMICIDE","FIRST DEGREE MURDER","ALLEY","false","false","1125","011","27","28","01A","1159434","1898293","2025","08/29/2025 03:46:10 PM","41.876637074","-87.690073243","(41.876637074, -87.690073243)"
"28933","JF505994","08/21/2025 02:49:00 AM","055XX W SCHOOL ST","0110","HOMICIDE","FIRST DEGREE MURDER","STREET","true","false","1633","016","30","15","01A","1138766","1921390","2025","10/31/2025 03:40:59 PM","41.940417937","-87.765398957","(41.940417937, -87.765398957)"
"28831","JJ380177","08/18/2025 07:55:00 PM","077XX S KINGSTON AVE","0110","HOMICIDE","FIRST DEGREE MURDER","DRIVEWAY","false","false","0421","004","7","43","01A","1194533","1854177","2025","08/26/2025 03:43:28 PM","41.754786521","-87.562655871","(41.754786521, -87.562655871)"
"28830","JJ379205","08/18/2025 07:29:00 AM","075XX S STONY ISLAND AVE","0110","HOMICIDE","FIRST DEGREE MURDER","PARKING LOT","true","true","0411","004","8","43","01A","1188123","1855151","2025","01/27/2026 03:41:24 PM","41.757614433","-87.586115266","(41.757614433, -87.586115266)"
"28829","JJ378332","08/17/2025 12:14:00 PM","049XX W ADAMS ST","0110","HOMICIDE","FIRST DEGREE MURDER","ALLEY","true","false","1533","015","28","25","01A","1143551","1898879","2025","12/04/2025 03:41:15 PM","41.878556976","-87.748376464","(41.878556976, -87.748376464)"
"28828","JJ378045","08/17/2025 05:58:00 AM","058XX N MOZART ST","0110","HOMICIDE","FIRST DEGREE MURDER","PARKING LOT","false","false","2011","020","40","2","01A","1156298","1938480","2025","08/25/2025 03:43:03 PM","41.986977077","-87.700498558","(41.986977077, -87.700498558)"
"28827","JJ377727","08/16/2025 08:48:00 PM","008XX W 27TH ST","0110","HOMICIDE","FIRST DEGREE MURDER","STREET","false","false","0913","009","11","60","01A","1170913","1886653","2025","08/24/2025 03:43:44 PM","41.844452188","-87.648267213","(41.844452188, -87.648267213)"
"28832","JJ369657","08/16/2025 12:30:00 PM","005XX W LAKE ST","0110","HOMICIDE","FIRST DEGREE MURDER","CTA PROPERTY","false","false","1214","012","34","28","01A","1172574","1901698","2025","08/24/2025 03:43:44 PM","41.885700244","-87.641726854","(41.885700244, -87.641726854)"
"28826","JJ373763","08/13/2025 06:52:00 PM","050XX W MADISON ST","0110","HOMICIDE","FIRST DEGREE MURDER","PARKING LOT","false","false","1533","015","28","25","01A","1142727","1899552","2025","08/21/2025 03:42:28 PM","41.880419143","-87.751385304","(41.880419143, -87.751385304)"
"28825","JJ372799","08/13/2025 02:47:00 AM","016XX W ESTES AVE","0110","HOMICIDE","FIRST DEGREE MURDER","STREET","false","false","2423","024","49","1","01A","1164198","1947466","2025","08/21/2025 03:42:28 PM","42.011471031","-87.671186668","(42.011471031, -87.671186668)"
"28934","JJ268064","08/12/2025 11:51:00 PM","030XX W CHICAGO AVE","0110","HOMICIDE","FIRST DEGREE MURDER","STREET","false","false","1221","012","27","23","01A","1155805","1905171","2025","10/31/2025 03:40:59 PM","41.895584832","-87.703212385","(41.895584832, -87.703212385)"
"28824","JJ372041","08/12/2025 02:10:00 PM","000XX N LAVERGNE AVE","0110","HOMICIDE","FIRST DEGREE MURDER","STREET","false","false","1533","015","28","25","01A","1143053","1899685","2025","08/20/2025 03:45:41 PM","41.880778039","-87.750184931","(41.880778039, -87.750184931)"
"28950","HH177737","08/11/2025 03:17:00 PM","025XX W 60TH ST","0110","HOMICIDE","FIRST DEGREE MURDER","STREET","false","false","0824","008","16","66","01A","1160624","1864797","2025","11/15/2025 03:40:34 PM","41.784695671","-87.686629787","(41.784695671, -87.686629787)"
"28823","JJ369888","08/11/2025 07:14:00 AM","047XX S DAMEN AVE","0110","HOMICIDE","FIRST DEGREE MURDER","STREET","false","false","0931","009","15","61","01A","1163824","1873171","2025","08/19/2025 03:48:11 PM","41.807608323","-87.674661964","(41.807608323, -87.674661964)"
"28822","JJ369104","08/10/2025 05:28:00 AM","066XX S COTTAGE GROVE AVE","0110","HOMICIDE","FIRST DEGREE MURDER","ALLEY","false","false","0321","003","20","42","01A","1182704","1861111","2025","08/18/2025 03:48:03 PM","41.774096706","-87.60579021","(41.774096706, -87.60579021)"
"28821","JJ369079","08/10/2025 04:49:00 AM","050XX W MAYPOLE AVE","0110","HOMICIDE","FIRST DEGREE MURDER","STREET","true","false","1532","015","28","25","01A","1142821","1900995","2025","08/18/2025 03:48:03 PM","41.884377162","-87.751004187","(41.884377162, -87.751004187)"
"28820","JJ369030","08/10/2025 03:27:00 AM","001XX N LA CROSSE AVE","0110","HOMICIDE","FIRST DEGREE MURDER","STREET","false","false","1532","015","28","25","01A","1144012","1900866","2025","08/18/2025 03:48:03 PM","41.88400091","-87.746633871","(41.88400091, -87.746633871)"
"28819","JJ367442","08/08/2025 07:20:00 PM","000XX W 79TH ST","0110","HOMICIDE","FIRST DEGREE MURDER","PARKING LOT","false","false","0623","006","17","44","01A","1177187","1852624","2025","08/16/2025 03:48:00 PM","41.750933717","-87.626270055","(41.750933717, -87.626270055)"
"28818","JJ366534","08/08/2025 04:32:00 AM","074XX S SOUTH SHORE DR","0110","HOMICIDE","FIRST DEGREE MURDER","APARTMENT","true","true","0334","003","7","43","01A","1195711","1856699","2025","08/16/2025 03:48:00 PM","41.761678034","-87.558255664","(41.761678034, -87.558255664)"
"28959","JH437091","08/07/2025 11:19:00 PM","040XX W ADAMS ST","0110","HOMICIDE","FIRST DEGREE MURDER","PORCH","true","false","1115","011","28","26","01A","1149520","1898705","2025","03/27/2026 03:48:09 PM","41.877965772","-87.726463844","(41.877965772, -87.726463844)"
"28817","JJ365010","08/06/2025 10:20:00 PM","035XX S RHODES AVE","0110","HOMICIDE","FIRST DEGREE MURDER","STREET","false","false","0212","002","4","35","01A","1180164","1881658","2025","08/14/2025 03:41:51 PM","41.830538047","-87.614471334","(41.830538047, -87.614471334)"
"28816","JJ362403","08/05/2025 02:30:00 AM","072XX S GREEN ST","0110","HOMICIDE","FIRST DEGREE MURDER","AUTO","false","false","0733","007","17","68","01A","1171888","1856918","2025","08/13/2025 03:43:52 PM","41.762834854","-87.645562329","(41.762834854, -87.645562329)"
"28814","JJ361968","08/04/2025 05:59:00 PM","011XX W 56TH ST","0110","HOMICIDE","FIRST DEGREE MURDER","STREET","true","false","0712","007","16","68","01A","1169453","1867656","2025","03/11/2026 03:45:33 PM","41.792354314","-87.65417618","(41.792354314, -87.65417618)"
"28815","JJ359724","08/04/2025 03:01:00 PM","011XX N NOBLE ST","0110","HOMICIDE","FIRST DEGREE MURDER","PARKING LOT","true","false","1213","012","27","24","01A","1166842","1907644","2025","09/11/2025 04:02:15 PM","41.902141327","-87.662605111","(41.902141327, -87.662605111)"
"28813","JJ357174","08/03/2025 03:11:00 PM","091XX S STONY ISLAND AVE","0110","HOMICIDE","FIRST DEGREE MURDER","GAS STATION","false","false","0413","004","8","48","01A","1188515","1844485","2025","08/11/2025 03:43:42 PM","41.728336543","-87.58501858","(41.728336543, -87.58501858)"
"28812","JJ359803","08/03/2025 01:04:00 AM","010XX N SPRINGFIELD AVE","0110","HOMICIDE","FIRST DEGREE MURDER","STREET","false","false","1112","011","37","23","01A","1150193","1906754","2025","08/11/2025 03:43:42 PM","41.900039997","-87.72378279","(41.900039997, -87.72378279)"
"28811","JJ359624","08/02/2025 10:17:00 PM","030XX W 37TH PL","0110","HOMICIDE","FIRST DEGREE MURDER","GARAGE","false","false","0911","009","12","58","01A","1156703","1879601","2025","08/10/2025 03:53:17 PM","41.825399862","-87.700606331","(41.825399862, -87.700606331)"
"28810","JJ355860","07/31/2025 05:21:00 AM","006XX E 90TH ST","0110","HOMICIDE","FIRST DEGREE MURDER","STREET","true","false","0633","006","8","44","01A","1182108","1845444","2025","08/08/2025 03:42:29 PM","41.731118601","-87.608458885","(41.731118601, -87.608458885)"
"28809","JJ353002","07/29/2025 09:46:00 AM","000XX N WESTERN AVE","0110","HOMICIDE","FIRST DEGREE MURDER","GAS STATION","false","false","1223","012","27","28","01A","1160400","1900403","2025","08/06/2025 03:47:35 PM","41.882407184","-87.686468002","(41.882407184, -87.686468002)"
"28808","JJ351778","07/28/2025 06:47:00 AM","008XX S KOLMAR AVE","0110","HOMICIDE","FIRST DEGREE MURDER","VACANT LOT","false","false","1131","011","24","26","01A","1146143","1895851","2025","08/05/2025 03:43:44 PM","41.870198907","-87.738936067","(41.870198907, -87.738936067)"
"28806","JJ350417","07/27/2025 01:53:00 AM","001XX W 63RD ST","0110","HOMICIDE","FIRST DEGREE MURDER","GAS STATION","true","false","0311","003","20","68","01A","1176275","1863208","2025","08/04/2025 03:44:14 PM","41.77999793","-87.629294594","(41.77999793, -87.629294594)"
"28805","JJ349373","07/26/2025 05:21:00 AM","116XX S CHURCH ST","0110","HOMICIDE","FIRST DEGREE MURDER","STREET","false","false","2212","022","19","75","01A","1165210","1827221","2025","08/03/2025 03:45:12 PM","41.681485524","-87.670875933","(41.681485524, -87.670875933)"
"28803","JJ346600","07/24/2025 04:48:00 AM","020XX E 103RD ST","0110","HOMICIDE","FIRST DEGREE MURDER","RAILROAD PROPERTY","false","false","0434","004","10","51","01A","1191263","1837077","2025","08/01/2025 03:45:05 PM","41.707942233","-87.575191226","(41.707942233, -87.575191226)"
"28802","JJ346483","07/24/2025 12:14:00 AM","072XX S AVERS AVE","0110","HOMICIDE","FIRST DEGREE MURDER","ALLEY","true","false","0833","008","23","65","01A","1151957","1856229","2025","08/01/2025 03:45:05 PM","41.761358206","-87.718631454","(41.761358206, -87.718631454)"
"28801","JJ340996","07/20/2025 12:23:00 AM","001XX W 87TH ST","0110","HOMICIDE","FIRST DEGREE MURDER","STREET","false","false","0634","006","21","44","01A","1176702","1847271","2025","07/28/2025 04:06:39 PM","41.73625535","-87.62820806","(41.73625535, -87.62820806)"
"28800","JJ340937","07/19/2025 11:18:00 PM","022XX E 68TH ST","0110","HOMICIDE","FIRST DEGREE MURDER","STREET","false","false","0331","003","5","43","01A","1192201","1860314","2025","07/27/2025 03:43:44 PM","41.771683937","-87.571002493","(41.771683937, -87.571002493)"
"28799","JJ339946","07/19/2025 05:39:00 AM","082XX S HOUSTON AVE","0110","HOMICIDE","FIRST DEGREE MURDER","STREET","false","false","0424","004","7","46","01A","1197919","1850931","2025","07/27/2025 03:43:44 PM","41.745795362","-87.550355696","(41.745795362, -87.550355696)"
"28798","JJ339822","07/19/2025 12:58:00 AM","075XX S ST LAWRENCE AVE","0110","HOMICIDE","FIRST DEGREE MURDER","ALLEY","false","false","0624","006","6","69","01A","1181539","1855199","2025","07/27/2025 03:43:44 PM","41.757900544","-87.610243024","(41.757900544, -87.610243024)"
"28795","JJ339730","07/18/2025 10:50:00 PM","070XX S SOUTH SHORE DR","0110","HOMICIDE","FIRST DEGREE MURDER","LAKE","true","true","0334","003","5","43","01A","1193451","1858536","2025","07/26/2025 03:43:50 PM","41.76677448","-87.566478603","(41.76677448, -87.566478603)"
"28797","JJ339711","07/18/2025 10:36:00 PM","028XX W ARTHINGTON ST","0110","HOMICIDE","FIRST DEGREE MURDER","ALLEY","false","false","1135","011","28","27","01A","1157521","1895912","2025","07/26/2025 03:43:50 PM","41.870142501","-87.697161983","(41.870142501, -87.697161983)"
"28796","JJ339705","07/18/2025 10:07:00 PM","066XX S MARSHFIELD AVE","0110","HOMICIDE","FIRST DEGREE MURDER","STREET","false","false","0725","007","16","67","01A","1166470","1860648","2025","07/26/2025 03:43:50 PM","41.773187628","-87.665314044","(41.773187628, -87.665314044)"
"28794","JJ338879","07/18/2025 11:12:00 AM","076XX S EBERHART AVE","0110","HOMICIDE","FIRST DEGREE MURDER","HOUSE","false","false","0624","006","6","69","01A","1180898","1854449","2025","07/26/2025 03:43:50 PM","41.755857224","-87.612615222","(41.755857224, -87.612615222)"
"28793","JJ337034","07/16/2025 10:57:00 PM","030XX W JACKSON BLVD","0110","HOMICIDE","FIRST DEGREE MURDER","STREET","false","false","1124","011","28","27","01A","1156235","1898534","2025","07/24/2025 03:44:59 PM","41.877363592","-87.701812481","(41.877363592, -87.701812481)"
"28887","JJ335390","07/15/2025 05:08:00 PM","026XX W ROOSEVELT RD","0110","HOMICIDE","FIRST DEGREE MURDER","STREET","false","true","1023","010","28","28","01A","1158985","1894615","2025","09/28/2025 03:42:00 PM","41.866553506","-87.691822758","(41.866553506, -87.691822758)"
"28792","JJ335333","07/15/2025 04:18:00 PM","066XX S MARYLAND AVE","0110","HOMICIDE","FIRST DEGREE MURDER","HALLWAY","false","false","0321","003","20","42","01A","1183034","1861206","2025","07/23/2025 03:43:33 PM","41.774349728","-87.604577555","(41.774349728, -87.604577555)"
"28789","JJ331795","07/13/2025 01:10:00 AM","008XX N CAMBRIDGE AVE","0110","HOMICIDE","FIRST DEGREE MURDER","CHA GROUNDS","true","false","1823","018","27","8","01A","1172516","1906182","2025","03/23/2026 03:42:13 PM","41.898005892","-87.641807132","(41.898005892, -87.641807132)"
"28788","JJ331658","07/12/2025 09:59:00 PM","056XX W DIVISION ST","0110","HOMICIDE","FIRST DEGREE MURDER","STREET","true","false","2531","025","29","25","01A","1138352","1907431","2025","07/20/2025 03:42:49 PM","41.902120397","-87.767259237","(41.902120397, -87.767259237)"
"28783","JJ330383","07/11/2025 10:00:00 PM","132XX S LANGLEY AVE","0110","HOMICIDE","FIRST DEGREE MURDER","CHA PARKING LOT","true","false","0533","005","10","54","01A","1183254","1817763","2025","08/09/2025 03:43:31 PM","41.655131692","-87.605118011","(41.655131692, -87.605118011)"
"28782","JJ329943","07/11/2025 04:24:00 PM","062XX S RHODES AVE","0110","HOMICIDE","FIRST DEGREE MURDER","PORCH","false","false","0313","003","20","42","01A","1180972","1863843","2025","07/19/2025 03:44:33 PM","41.781633612","-87.612055328","(41.781633612, -87.612055328)"
"28791","JJ329362","07/11/2025 08:29:00 AM","130XX S DR MARTIN LUTHER KING JR DR","0110","HOMICIDE","FIRST DEGREE MURDER","CHA APARTMENT","true","true","0533","005","9","54","01A","1180956","1818619","2025","07/19/2025 03:44:33 PM","41.657533656","-87.613500284","(41.657533656, -87.613500284)"
"28781","JJ327908","07/10/2025 02:29:00 AM","037XX S WELLS ST","0110","HOMICIDE","FIRST DEGREE MURDER","CHA PARKING LOT","false","false","0915","009","3","34","01A","1175178","1879981","2025","07/18/2025 03:45:00 PM","41.826049251","-87.632815166","(41.826049251, -87.632815166)"
"28780","JJ327720","07/09/2025 09:39:00 PM","026XX W WILCOX ST","0110","HOMICIDE","FIRST DEGREE MURDER","STREET","false","false","1125","011","27","27","01A","1158755","1899255","2025","07/17/2025 03:42:57 PM","41.879290831","-87.692539948","(41.879290831, -87.692539948)"
"28779","JJ325672","07/08/2025 01:40:00 PM","006XX N MONTICELLO AVE","0110","HOMICIDE","FIRST DEGREE MURDER","STREET","false","false","1122","011","27","23","01A","1151939","1903991","2025","07/16/2025 03:46:38 PM","41.892423829","-87.717442499","(41.892423829, -87.717442499)"
"28778","JJ325307","07/08/2025 02:58:00 AM","034XX N KIMBALL AVE","0110","HOMICIDE","FIRST DEGREE MURDER","RAILROAD PROPERTY","false","false","1733","017","35","21","01A","1153121","1922464","2025","07/16/2025 03:46:38 PM","41.943091976","-87.71261043","(41.943091976, -87.71261043)"
"28777","JJ323386","07/07/2025 04:59:00 AM","096XX S BRENNAN AVE","0110","HOMICIDE","FIRST DEGREE MURDER","STREET","true","false","0431","004","7","51","01A","1193217","1841731","2025","03/31/2026 03:44:49 PM","41.720665843","-87.567884204","(41.720665843, -87.567884204)"
"28776","JJ322493","07/06/2025 09:13:00 PM","026XX S CENTRAL PARK AVE","0110","HOMICIDE","FIRST DEGREE MURDER","STREET","true","false","1032","010","22","30","01A","1152798","1886153","2025","07/14/2025 03:42:31 PM","41.843457409","-87.714759793","(41.843457409, -87.714759793)"
"28775","JJ322586","07/05/2025 11:00:00 PM","001XX W LAKE ST","0110","HOMICIDE","FIRST DEGREE MURDER","CTA ""L"" PLATFORM","false","false","0122","001","42","32","01A","1175301","1901735","2025","07/13/2025 03:42:40 PM","41.885741029","-87.631711749","(41.885741029, -87.631711749)"
"28774","JJ321686","07/05/2025 10:16:00 AM","008XX N CAMBRIDGE AVE","0110","HOMICIDE","FIRST DEGREE MURDER","STREET","true","false","1823","018","27","8","01A","1172521","1906045","2025","07/13/2025 03:42:40 PM","41.897629845","-87.641792824","(41.897629845, -87.641792824)"
"28772","JJ321188","07/05/2025 05:37:00 AM","076XX S BISHOP ST","0110","HOMICIDE","FIRST DEGREE MURDER","STREET","false","false","0612","006","17","71","01A","1167881","1854179","2025","07/13/2025 03:42:40 PM","41.755405649","-87.660327195","(41.755405649, -87.660327195)"
"28773","JJ321467","07/05/2025 05:24:00 AM","010XX N LAVERGNE AVE","0110","HOMICIDE","FIRST DEGREE MURDER","HOUSE","false","false","1531","015","37","25","01A","1142838","1906429","2025","07/13/2025 03:42:40 PM","41.899288384","-87.750806288","(41.899288384, -87.750806288)"
"28771","JJ321216","07/05/2025 12:34:00 AM","064XX S WINCHESTER AVE","0110","HOMICIDE","FIRST DEGREE MURDER","ALLEY","false","false","0726","007","16","67","01A","1164462","1861985","2025","07/13/2025 03:42:40 PM","41.776899099","-87.672637253","(41.776899099, -87.672637253)"
"28770","JJ321190","07/04/2025 11:50:00 PM","012XX E 83RD ST","0110","HOMICIDE","FIRST DEGREE MURDER","PARK PROPERTY","false","false","0411","004","8","45","01A","1185904","1850206","2025","07/12/2025 03:41:29 PM","41.744097464","-87.594403145","(41.744097464, -87.594403145)"
"28769","JJ320454","07/04/2025 10:02:00 AM","036XX W PALMER ST","0110","HOMICIDE","FIRST DEGREE MURDER","APARTMENT","true","true","2525","025","35","22","01A","1151552","1914374","2025","07/12/2025 03:41:29 PM","41.92092338","-87.718590518","(41.92092338, -87.718590518)"
"28768","JJ320233","07/04/2025 02:52:00 AM","034XX W 62ND PL","0110","HOMICIDE","FIRST DEGREE MURDER","STREET","false","false","0823","008","14","66","01A","1154525","1862969","2025","07/12/2025 03:41:29 PM","41.779803069","-87.709040106","(41.779803069, -87.709040106)"
"28767","JJ319353","07/03/2025 01:55:00 PM","099XX S BENSLEY AVE","0110","HOMICIDE","FIRST DEGREE MURDER","STREET","false","false","0431","004","7","51","01A","1194464","1839468","2025","07/11/2025 03:43:10 PM","41.714425439","-87.563390947","(41.714425439, -87.563390947)"
"28763","JJ318710","07/03/2025 12:54:00 AM","003XX W CHICAGO AVE","0110","HOMICIDE","FIRST DEGREE MURDER","STREET","false","false","1831","018","42","8","01A","1174025","1905669","2025","07/11/2025 03:43:10 PM","41.896564682","-87.636280076","(41.896564682, -87.636280076)"
"28766","JJ318752","07/03/2025 12:45:00 AM","071XX S JEFFERY BLVD","0110","HOMICIDE","FIRST DEGREE MURDER","APARTMENT","true","false","0333","003","5","43","01A","1190784","1857875","2025","01/10/2026 03:41:06 PM","41.765025476","-87.576275351","(41.765025476, -87.576275351)"
"28765","JJ318710","07/02/2025 11:41:00 PM","003XX W CHICAGO AVE","0110","HOMICIDE","FIRST DEGREE MURDER","STREET","false","false","1831","018","42","8","01A","1174025","1905669","2025","07/10/2025 03:42:05 PM","41.896564682","-87.636280076","(41.896564682, -87.636280076)"
"28764","JJ318710","07/02/2025 11:37:00 PM","003XX W CHICAGO AVE","0110","HOMICIDE","FIRST DEGREE MURDER","STREET","false","false","1831","018","42","8","01A","1174025","1905669","2025","07/10/2025 03:42:05 PM","41.896564682","-87.636280076","(41.896564682, -87.636280076)"
"28762","JJ318710","07/02/2025 11:53:00 AM","003XX W CHICAGO AVE","0110","HOMICIDE","FIRST DEGREE MURDER","STREET","false","false","1831","018","42","8","01A","1174025","1905669","2025","07/10/2025 03:42:05 PM","41.896564682","-87.636280076","(41.896564682, -87.636280076)"
"28760","JJ317368","07/02/2025 02:36:00 AM","121XX S LA SALLE ST","0110","HOMICIDE","FIRST DEGREE MURDER","AUTO","false","false","0523","005","9","53","01A","1177460","1824338","2025","07/10/2025 03:42:05 PM","41.673306908","-87.626121003","(41.673306908, -87.626121003)"
"28758","JJ317296","07/01/2025 11:58:00 PM","000XX W 79TH ST","0110","HOMICIDE","FIRST DEGREE MURDER","STREET","false","false","0623","006","17","44","01A","1177187","1852624","2025","07/09/2025 03:43:39 PM","41.750933717","-87.626270055","(41.750933717, -87.626270055)"
"28757","JJ314107","06/29/2025 06:10:00 PM","007XX E GRAND AVE","0110","HOMICIDE","FIRST DEGREE MURDER","RIVER BANK","false","false","1834","018","42","8","01A","1181819","1904130","2025","07/07/2025 03:43:56 PM","41.892164276","-87.607702294","(41.892164276, -87.607702294)"
"28759","JJ306503","06/28/2025 04:46:00 PM","023XX E 93RD ST","0110","HOMICIDE","FIRST DEGREE MURDER","HOSPITAL","true","false","0413","004","7","48","01A","1193360","1843756","2025","11/17/2025 03:42:14 PM","41.726219145","-87.567294437","(41.726219145, -87.567294437)"
"28755","JJ312697","06/28/2025 04:18:00 PM","008XX E 63RD ST","0110","HOMICIDE","FIRST DEGREE MURDER","GAS STATION","false","false","0313","003","20","42","01A","1183247","1863427","2025","07/06/2025 03:42:52 PM","41.780439401","-87.603727666","(41.780439401, -87.603727666)"
"28754","JJ312024","06/28/2025 03:02:00 AM","022XX W CORTLAND ST","0110","HOMICIDE","FIRST DEGREE MURDER","STREET","false","false","1434","014","32","22","01A","1161149","1912694","2025","07/06/2025 03:42:52 PM","41.916119144","-87.683375737","(41.916119144, -87.683375737)"
"28753","JJ311804","06/27/2025 09:59:00 PM","054XX S PRAIRIE AVE","0110","HOMICIDE","FIRST DEGREE MURDER","STREET","true","true","0231","002","3","40","01A","1178968","1868935","2025","08/27/2025 03:41:47 PM","41.795652442","-87.619247355","(41.795652442, -87.619247355)"
"28752","JJ311279","06/27/2025 03:42:00 PM","014XX W 95TH ST","0110","HOMICIDE","FIRST DEGREE MURDER","ALLEY","false","false","2222","022","21","73","01A","1168184","1841735","2025","07/05/2025 03:45:34 PM","41.721251017","-87.659573806","(41.721251017, -87.659573806)"
"28787","JJ309322","06/27/2025 10:10:00 AM","052XX W NORTH AVE","0110","HOMICIDE","FIRST DEGREE MURDER","APARTMENT","true","false","2532","025","37","25","01A","1141265","1910137","2025","07/15/2025 03:42:27 PM","41.909492725","-87.75649238","(41.909492725, -87.75649238)"
"28751","JJ310217","06/26/2025 07:39:00 PM","014XX S SACRAMENTO DR","0110","HOMICIDE","FIRST DEGREE MURDER","PARK PROPERTY","true","false","1022","010","24","29","01A","1156220","1893242","2025","07/04/2025 03:41:38 PM","41.862842099","-87.702010464","(41.862842099, -87.702010464)"
"28784","JJ309322","06/26/2025 03:29:00 AM","052XX W NORTH AVE","0110","HOMICIDE","FIRST DEGREE MURDER","APARTMENT","true","false","2532","025","37","25","01A","1141265","1910137","2025","07/14/2025 03:41:42 PM","41.909492725","-87.75649238","(41.909492725, -87.75649238)"
"28786","JJ309322","06/26/2025 02:55:00 AM","052XX W NORTH AVE","0110","HOMICIDE","FIRST DEGREE MURDER","APARTMENT","true","false","2532","025","37","25","01A","1141265","1910137","2025","07/15/2025 03:42:27 PM","41.909492725","-87.75649238","(41.909492725, -87.75649238)"
"28785","JJ309322","06/26/2025 02:50:00 AM","052XX W NORTH AVE","0110","HOMICIDE","FIRST DEGREE MURDER","APARTMENT","true","false","2532","025","37","25","01A","1141265","1910137","2025","07/15/2025 03:42:27 PM","41.909492725","-87.75649238","(41.909492725, -87.75649238)"
"28747","JJ308891","06/25/2025 08:17:00 PM","012XX S SPRINGFIELD AVE","0110","HOMICIDE","FIRST DEGREE MURDER","STREET","true","false","1011","010","24","29","01A","1150575","1894131","2025","07/03/2025 03:47:31 PM","41.865393661","-87.722709581","(41.865393661, -87.722709581)"
"28756","JJ308888","06/25/2025 07:59:00 PM","000XX W CTA OHARE PLATFORM ST","0110","HOMICIDE","FIRST DEGREE MURDER","CTA ""L"" PLATFORM","true","false","1654","016","41","76","01A","1100955","1934905","2025","07/03/2025 03:47:31 PM","41.978108446","-87.904122758","(41.978108446, -87.904122758)"
"28746","JJ308433","06/25/2025 02:54:00 PM","077XX S AVALON AVE","0110","HOMICIDE","FIRST DEGREE MURDER","APARTMENT","false","false","0411","004","8","45","01A","1185886","1854022","2025","07/03/2025 03:47:31 PM","41.754569374","-87.59434901","(41.754569374, -87.59434901)"
"28939","JJ302286","06/25/2025 02:09:00 PM","029XX N SPAULDING AVE","0110","HOMICIDE","FIRST DEGREE MURDER","HOUSE","false","false","1412","014","35","21","01A","1153875","1919330","2025","11/08/2025 03:43:33 PM","41.934477029","-87.709922862","(41.934477029, -87.709922862)"
"28745","JJ305211","06/23/2025 07:40:00 AM","062XX S MICHIGAN AVE","0110","HOMICIDE","FIRST DEGREE MURDER","ALLEY","false","false","0311","003","20","40","01A","1178258","1863751","2025","07/01/2025 03:41:00 PM","41.781443194","-87.62200821","(41.781443194, -87.62200821)"
"28869","JJ305675","06/22/2025 11:00:00 PM","075XX S SOUTH SHORE DR","0110","HOMICIDE","FIRST DEGREE MURDER","APARTMENT","true","false","0421","004","7","43","01A","1196126","1856148","2025","09/13/2025 03:58:09 PM","41.76015578","-87.556752911","(41.76015578, -87.556752911)"
"28744","JJ303959","06/22/2025 06:04:00 AM","013XX S KOLIN AVE","0110","HOMICIDE","FIRST DEGREE MURDER","APARTMENT","false","false","1011","010","24","29","01A","1147595","1893490","2025","06/30/2025 03:42:36 PM","41.863692322","-87.733665815","(41.863692322, -87.733665815)"
"28743","JJ302653","06/21/2025 03:01:00 AM","023XX W ROOSEVELT RD","0110","HOMICIDE","FIRST DEGREE MURDER","STREET","true","false","1233","012","28","28","01A","1160918","1894658","2025","02/08/2026 03:41:17 PM","41.866631644","-87.684725312","(41.866631644, -87.684725312)"
"28742","JJ302653","06/21/2025 02:50:00 AM","023XX W ROOSEVELT RD","0110","HOMICIDE","FIRST DEGREE MURDER","STREET","true","false","1233","012","28","28","01A","1160918","1894658","2025","02/08/2026 03:41:17 PM","41.866631644","-87.684725312","(41.866631644, -87.684725312)"
"28740","JJ301095","06/19/2025 09:35:00 PM","006XX W 63RD ST","0110","HOMICIDE","FIRST DEGREE MURDER","STREET","false","false","0711","007","20","68","01A","1172906","1863108","2025","06/27/2025 03:42:39 PM","41.779798546","-87.641648739","(41.779798546, -87.641648739)"
"28741","JJ300179","06/19/2025 08:23:00 AM","030XX W ARGYLE ST","0110","HOMICIDE","FIRST DEGREE MURDER","PARK PROPERTY","false","false","1713","017","33","14","01A","1155402","1933061","2025","06/27/2025 03:42:39 PM","41.972125178","-87.703940523","(41.972125178, -87.703940523)"
"28739","JJ300031","06/19/2025 02:18:00 AM","092XX S DOBSON AVE","0110","HOMICIDE","FIRST DEGREE MURDER","HOUSE","true","true","0413","004","8","47","01A","1184828","1844019","2025","06/27/2025 03:42:39 PM","41.72714495","-87.598539214","(41.72714495, -87.598539214)"
"28738","JJ298100","06/17/2025 03:37:00 PM","028XX E 93RD ST","0110","HOMICIDE","FIRST DEGREE MURDER","STREET","false","false","0423","004","7","48","01A","1196511","1843837","2025","06/25/2025 03:44:48 PM","41.726363889","-87.555749621","(41.726363889, -87.555749621)"
"28737","JJ296408","06/16/2025 11:14:00 AM","035XX W FLOURNOY ST","0110","HOMICIDE","FIRST DEGREE MURDER","STREET","true","false","1133","011","24","27","01A","1152849","1896802","2025","09/20/2025 03:41:39 PM","41.872678492","-87.714290873","(41.872678492, -87.714290873)"
"28736","JJ296156","06/16/2025 06:26:00 AM","115XX S PRAIRIE AVE","0110","HOMICIDE","FIRST DEGREE MURDER","STREET","false","false","0532","005","9","53","01A","1179976","1828575","2025","06/24/2025 03:49:41 PM","41.684876825","-87.616783333","(41.684876825, -87.616783333)"
"28735","JJ295072","06/15/2025 05:13:00 AM","076XX S PRAIRIE AVE","0110","HOMICIDE","FIRST DEGREE MURDER","STREET","false","false","0623","006","6","69","01A","1179356","1854501","2025","06/23/2025 03:45:27 PM","41.756035228","-87.618264667","(41.756035228, -87.618264667)"
"28734","JJ294916","06/15/2025 01:01:00 AM","008XX E 79TH ST","0110","HOMICIDE","FIRST DEGREE MURDER","STREET","false","false","0624","006","8","69","01A","1183016","1852803","2025","06/23/2025 03:45:27 PM","41.751291477","-87.604904392","(41.751291477, -87.604904392)"
"28733","JJ293685","06/14/2025 12:15:00 AM","001XX N LARAMIE AVE","0110","HOMICIDE","FIRST DEGREE MURDER","AUTO","false","false","1532","015","28","25","01A","1141685","1900700","2025","06/22/2025 03:43:11 PM","41.883588723","-87.755183076","(41.883588723, -87.755183076)"
"28732","JJ293685","06/14/2025 12:07:00 AM","001XX N LARAMIE AVE","0110","HOMICIDE","FIRST DEGREE MURDER","AUTO","false","false","1532","015","28","25","01A","1141685","1900700","2025","06/22/2025 03:43:11 PM","41.883588723","-87.755183076","(41.883588723, -87.755183076)"
"28730","JJ289584","06/11/2025 12:25:00 PM","014XX N ARTESIAN AVE","0110","HOMICIDE","FIRST DEGREE MURDER","STREET","true","false","1423","014","1","24","01A","1159813","1909490","2025","12/25/2025 03:40:45 PM","41.907354802","-87.688372647","(41.907354802, -87.688372647)"
"28731","JJ289684","06/11/2025 01:10:00 AM","078XX S PAULINA ST","0110","HOMICIDE","FIRST DEGREE MURDER","STREET","false","false","0611","006","17","71","01A","1166374","1852684","2025","06/19/2025 03:41:17 PM","41.751335377","-87.665892478","(41.751335377, -87.665892478)"
"28949","JJ288356","06/10/2025 03:14:00 AM","080XX S CAMPBELL AVE","0110","HOMICIDE","FIRST DEGREE MURDER","APARTMENT","true","true","0835","008","18","70","01A","1161106","1851345","2025","05/06/2026 03:41:16 PM","41.747771478","-87.685234189","(41.747771478, -87.685234189)"
"28761","JJ222340","06/09/2025 05:46:00 PM","070XX S OGLESBY AVE","0110","HOMICIDE","FIRST DEGREE MURDER","STREET","false","false","0331","003","5","43","01A","1192982","1858881","2025","07/05/2025 03:43:41 PM","41.767732647","-87.568186389","(41.767732647, -87.568186389)"
"28728","JJ286744","06/08/2025 09:13:00 PM","054XX S DAMEN AVE","0110","HOMICIDE","FIRST DEGREE MURDER","STREET","false","false","0932","009","16","61","01A","1163953","1868449","2025","06/16/2025 03:42:23 PM","41.794647866","-87.67432161","(41.794647866, -87.67432161)"
"28727","JJ285699","06/08/2025 01:25:00 AM","056XX W FULLERTON AVE","0110","HOMICIDE","FIRST DEGREE MURDER","PARKING LOT","true","false","2515","025","30","19","01A","1138203","1915387","2025","11/22/2025 03:41:52 PM","41.923955281","-87.767613787","(41.923955281, -87.767613787)"
"28726","JJ285418","06/07/2025 06:34:00 PM","020XX E 79TH ST","0110","HOMICIDE","FIRST DEGREE MURDER","STREET","false","false","0414","004","8","43","01A","1191049","1852989","2025","06/15/2025 03:43:33 PM","41.751611479","-87.575461834","(41.751611479, -87.575461834)"
"28722","JJ281924","06/04/2025 11:29:00 PM","043XX S FAIRFIELD AVE","0110","HOMICIDE","FIRST DEGREE MURDER","ALLEY","false","false","0922","009","12","58","01A","1158757","1875726","2025","06/12/2025 03:58:53 PM","41.814724628","-87.693176609","(41.814724628, -87.693176609)"
"28721","JJ279248","06/03/2025 01:35:00 AM","078XX S MERRILL AVE","0110","HOMICIDE","FIRST DEGREE MURDER","YARD","false","false","0414","004","8","43","01A","1191893","1853494","2025","06/11/2025 03:44:19 PM","41.7529768","-87.57235266","(41.7529768, -87.57235266)"
"28719","JJ279117","06/02/2025 10:56:00 PM","133XX S LANGLEY AVE","0110","HOMICIDE","FIRST DEGREE MURDER","STREET","true","false","0533","005","10","54","01A","1183296","1817317","2025","09/10/2025 03:47:36 PM","41.653906827","-87.604978122","(41.653906827, -87.604978122)"
"28723","JJ278097","06/02/2025 09:14:00 AM","001XX N ASHLAND AVE","0110","HOMICIDE","FIRST DEGREE MURDER","HOUSE","true","true","1224","012","27","28","01A","1165723","1901273","2025","06/10/2025 03:45:40 PM","41.88468277","-87.66689711","(41.88468277, -87.66689711)"
"28729","JJ129358","06/02/2025 01:50:00 AM","113XX S MORGAN ST","0110","HOMICIDE","FIRST DEGREE MURDER","STREET","false","false","2234","022","21","75","01A","1171684","1829594","2025","06/12/2025 03:56:08 PM","41.687858377","-87.647108365","(41.687858377, -87.647108365)"
"28718","JJ276827","06/01/2025 03:26:00 AM","119XX S WALLACE ST","0110","HOMICIDE","FIRST DEGREE MURDER","YARD","true","false","0524","005","21","53","01A","1174455","1825755","2025","09/12/2025 03:50:12 PM","41.677262535","-87.637077599","(41.677262535, -87.637077599)"
"28717","JJ275375","05/30/2025 11:49:00 PM","013XX E 67TH ST","0110","HOMICIDE","FIRST DEGREE MURDER","STREET","false","false","0321","003","5","42","01A","1186498","1860845","2025","06/07/2025 03:41:43 PM","41.773277862","-87.591890719","(41.773277862, -87.591890719)"
"28716","JJ274548","05/30/2025 10:49:00 AM","000XX S SPRINGFIELD AVE","0110","HOMICIDE","FIRST DEGREE MURDER","STREET","false","false","1122","011","28","26","01A","1150397","1899626","2025","06/07/2025 03:41:43 PM","41.880476036","-87.723219647","(41.880476036, -87.723219647)"
"29008","JJ273755","05/29/2025 04:43:00 PM","009XX E 93RD ST","0110","HOMICIDE","FIRST DEGREE MURDER","RAILROAD PROPERTY","false","false","0413","004","8","47","01A","1184269","1843511","2025","01/13/2026 03:57:41 PM","41.725764016","-87.600602724","(41.725764016, -87.600602724)"
"28714","JJ270228","05/27/2025 02:03:00 AM","110XX S ASHLAND AVE","0110","HOMICIDE","FIRST DEGREE MURDER","STREET","true","false","2234","022","21","75","01A","1167638","1831409","2025","06/04/2025 04:05:28 PM","41.692926531","-87.661868615","(41.692926531, -87.661868615)"
"28713","JJ270056","05/26/2025 11:25:00 PM","016XX S SPRINGFIELD AVE","0110","HOMICIDE","FIRST DEGREE MURDER","STREET","false","false","1014","010","24","29","01A","1150665","1891583","2025","06/03/2025 03:48:48 PM","41.85839989","-87.722445742","(41.85839989, -87.722445742)"
"28712","JJ267515","05/24/2025 10:30:00 PM","008XX N SACRAMENTO BLVD","0110","HOMICIDE","FIRST DEGREE MURDER","STREET","false","false","1211","012","27","23","01A","1156077","1905265","2025","06/01/2025 03:44:01 PM","41.895837291","-87.702210849","(41.895837291, -87.702210849)"
"28711","JJ266906","05/24/2025 03:22:00 AM","017XX N SPAULDING AVE","0110","HOMICIDE","FIRST DEGREE MURDER","STREET","false","false","1422","014","26","23","01A","1153871","1911379","2025","06/01/2025 03:44:01 PM","41.912658911","-87.710149915","(41.912658911, -87.710149915)"
"28710","JJ266335","05/23/2025 05:02:00 PM","020XX W 71ST ST","0110","HOMICIDE","FIRST DEGREE MURDER","RETAIL STORE","true","false","0735","007","17","67","01A","1164133","1857575","2025","12/14/2025 03:40:55 PM","41.764804389","-87.673967305","(41.764804389, -87.673967305)"
"28709","JJ265707","05/23/2025 07:01:00 AM","038XX W AUGUSTA BLVD","0110","HOMICIDE","FIRST DEGREE MURDER","STREET","false","false","1112","011","27","23","01A","1150774","1906401","2025","05/31/2025 03:43:34 PM","41.899059982","-87.721657992","(41.899059982, -87.721657992)"
"28706","JJ261204","05/20/2025 01:41:00 PM","000XX E 111TH ST","0110","HOMICIDE","FIRST DEGREE MURDER","STREET","true","false","0531","005","9","49","01A","1178327","1831371","2025","10/28/2025 03:41:02 PM","41.692586937","-87.622735417","(41.692586937, -87.622735417)"
"28705","JJ261204","05/19/2025 05:07:00 PM","000XX E 111TH ST","0110","HOMICIDE","FIRST DEGREE MURDER","STREET","true","false","0531","005","9","49","01A","1178327","1831371","2025","10/28/2025 03:41:02 PM","41.692586937","-87.622735417","(41.692586937, -87.622735417)"
"28704","JJ260565","05/19/2025 08:24:00 AM","024XX W GLADYS AVE","0110","HOMICIDE","FIRST DEGREE MURDER","ALLEY","true","false","1125","011","27","28","01A","1160190","1898362","2025","05/27/2025 03:52:58 PM","41.876810835","-87.687295541","(41.876810835, -87.687295541)"
"28702","JJ260229","05/19/2025 12:10:00 AM","045XX N KENNICOTT AVE","0110","HOMICIDE","FIRST DEGREE MURDER","STREET","false","false","1722","017","39","16","01A","1147249","1929799","2025","05/27/2025 03:52:58 PM","41.963334459","-87.734004574","(41.963334459, -87.734004574)"
"28701","JJ258837","05/17/2025 06:37:00 PM","109XX S NORMAL AVE","0110","HOMICIDE","FIRST DEGREE MURDER","STREET","false","false","2233","022","21","49","01A","1174910","1832256","2025","05/25/2025 03:42:20 PM","41.695092184","-87.635219335","(41.695092184, -87.635219335)"
"28699","JJ256156","05/15/2025 07:04:00 PM","099XX S CRILLY DR","0110","HOMICIDE","FIRST DEGREE MURDER","PARK PROPERTY","false","false","0432","004","10","52","01A","1203752","1839918","2025","05/23/2025 03:41:35 PM","41.715427321","-87.52935993","(41.715427321, -87.52935993)"
"28700","JJ255814","05/15/2025 03:06:00 PM","018XX S RIDGEWAY AVE","0110","HOMICIDE","FIRST DEGREE MURDER","STREET","false","false","1014","010","24","29","01A","1151660","1890731","2025","05/23/2025 03:41:35 PM","41.856042416","-87.718815813","(41.856042416, -87.718815813)"
"28698","JJ255134","05/15/2025 01:45:00 AM","078XX S EBERHART AVE","0110","HOMICIDE","FIRST DEGREE MURDER","STREET","false","false","0624","006","6","69","01A","1180935","1853046","2025","05/23/2025 03:41:35 PM","41.752006389","-87.612522704","(41.752006389, -87.612522704)"
"28697","JJ254833","05/14/2025 07:03:00 PM","029XX E 79TH ST","0110","HOMICIDE","FIRST DEGREE MURDER","STREET","false","false","0422","004","7","46","01A","1197033","1853148","2025","05/22/2025 03:42:35 PM","41.751901051","-87.553528478","(41.751901051, -87.553528478)"
"28696","JJ253784","05/14/2025 01:29:00 AM","074XX S STONY ISLAND AVE","0110","HOMICIDE","FIRST DEGREE MURDER","GAS STATION","true","false","0324","003","8","43","01A","1188107","1855775","2025","05/22/2025 03:42:35 PM","41.759327126","-87.586154041","(41.759327126, -87.586154041)"
"28695","JJ253716","05/14/2025 12:25:00 AM","010XX W 14TH ST","0110","HOMICIDE","FIRST DEGREE MURDER","DRIVEWAY","false","false","1232","012","28","28","01A","1169937","1893577","2025","05/22/2025 03:42:35 PM","41.863473532","-87.651647229","(41.863473532, -87.651647229)"
"28694","JJ247422","05/12/2025 08:19:00 PM","031XX W MADISON ST","0110","HOMICIDE","FIRST DEGREE MURDER","STREET","false","false","1222","012","28","27","01A","1155486","1899851","2025","05/20/2025 04:02:26 PM","41.880992663","-87.704527184","(41.880992663, -87.704527184)"
"28693","JJ252207","05/12/2025 07:57:00 PM","039XX W THOMAS ST","0110","HOMICIDE","FIRST DEGREE MURDER","STREET","false","false","1112","011","37","23","01A","1149701","1907047","2025","05/20/2025 04:02:26 PM","41.900853597","-87.725582308","(41.900853597, -87.725582308)"
"28692","JJ251028","05/11/2025 11:04:00 PM","075XX S NORMAL AVE","0110","HOMICIDE","FIRST DEGREE MURDER","STREET","true","false","0621","006","6","69","01A","1174170","1854897","2025","07/04/2025 03:40:44 PM","41.757238614","-87.637258382","(41.757238614, -87.637258382)"
"28691","JJ249669","05/10/2025 03:26:00 PM","079XX S ESSEX AVE","0110","HOMICIDE","FIRST DEGREE MURDER","APARTMENT","false","true","0422","004","7","46","01A","1194232","1852910","2025","05/18/2025 03:41:36 PM","41.751317167","-87.563800456","(41.751317167, -87.563800456)"
"28690","JJ249240","05/10/2025 09:04:00 AM","002XX W 70TH ST","0110","HOMICIDE","FIRST DEGREE MURDER","STREET","false","false","0731","007","6","69","01A","1176074","1858560","2025","05/18/2025 03:41:36 PM","41.767247821","-87.630170809","(41.767247821, -87.630170809)"
"28689","JJ249100","05/10/2025 04:09:00 AM","021XX S FAIRFIELD AVE","0110","HOMICIDE","FIRST DEGREE MURDER","ALLEY","false","false","1023","010","25","30","01A","1158364","1889551","2025","05/18/2025 03:41:36 PM","41.852670072","-87.6942409","(41.852670072, -87.6942409)"
"28688","JJ249047","05/10/2025 03:03:00 AM","063XX N BROADWAY","0110","HOMICIDE","FIRST DEGREE MURDER","STREET","false","false","2433","024","48","77","01A","1167151","1942254","2025","05/18/2025 03:41:36 PM","41.997106025","-87.660472077","(41.997106025, -87.660472077)"
"28687","JJ249047","05/10/2025 02:01:00 AM","063XX N BROADWAY","0110","HOMICIDE","FIRST DEGREE MURDER","STREET","false","false","2433","024","48","77","01A","1167151","1942254","2025","05/18/2025 03:41:36 PM","41.997106025","-87.660472077","(41.997106025, -87.660472077)"
"28686","JJ248340","05/09/2025 02:49:00 PM","038XX W ARTHINGTON ST","0110","HOMICIDE","FIRST DEGREE MURDER","STREET","false","false","1133","011","24","26","01A","1151022","1895762","2025","05/17/2025 03:42:19 PM","41.869860575","-87.721025907","(41.869860575, -87.721025907)"
"28685","JJ247042","05/08/2025 08:50:00 PM","054XX W JACKSON BLVD","0110","HOMICIDE","FIRST DEGREE MURDER","YARD","false","false","1522","015","29","25","01A","1140275","1898138","2025","05/16/2025 03:43:45 PM","41.876584216","-87.760423586","(41.876584216, -87.760423586)"
"28683","JJ243713","05/05/2025 07:41:00 PM","052XX S WASHTENAW AVE","0110","HOMICIDE","FIRST DEGREE MURDER","STREET","false","false","0923","009","14","63","01A","1159258","1869895","2025","05/13/2025 03:42:02 PM","41.798713359","-87.691498596","(41.798713359, -87.691498596)"
"28684","JJ242837","05/05/2025 06:48:00 AM","014XX E 75TH ST","0110","HOMICIDE","FIRST DEGREE MURDER","APARTMENT","false","false","0324","003","8","43","01A","1187300","1855554","2025","05/13/2025 03:42:02 PM","41.758739878","-87.589118634","(41.758739878, -87.589118634)"
"28682","JJ242430","05/04/2025 06:05:00 PM","015XX S LAFLIN ST","0110","HOMICIDE","FIRST DEGREE MURDER","STREET","false","false","1233","012","28","28","01A","1166618","1892679","2025","05/12/2025 03:47:50 PM","41.861081014","-87.663856695","(41.861081014, -87.663856695)"
"28681","JJ240989","05/03/2025 11:26:00 AM","004XX E 35TH ST","0110","HOMICIDE","FIRST DEGREE MURDER","STREET","true","false","0212","002","4","35","01A","1179821","1881886","2025","10/19/2025 03:41:45 PM","41.831171565","-87.615722811","(41.831171565, -87.615722811)"
"28680","JJ240668","05/03/2025 01:37:00 AM","012XX N MASSASOIT AVE","0110","HOMICIDE","FIRST DEGREE MURDER","ALLEY","true","false","2531","025","29","25","01A","1137791","1907608","2025","06/30/2025 03:41:47 PM","41.902616246","-87.769315628","(41.902616246, -87.769315628)"
"28679","JJ240667","05/03/2025 01:32:00 AM","050XX W QUINCY ST","0110","HOMICIDE","FIRST DEGREE MURDER","STREET","true","false","1533","015","28","25","01A","1142775","1898530","2025","02/12/2026 03:49:47 PM","41.877613754","-87.751234503","(41.877613754, -87.751234503)"
"28703","JJ240495","05/02/2025 09:06:00 PM","051XX W LAKE ST","0110","HOMICIDE","FIRST DEGREE MURDER","STREET","true","false","1532","015","28","25","01A","1141929","1901992","2025","02/03/2026 03:42:50 PM","41.887129616","-87.754255061","(41.887129616, -87.754255061)"
"28678","JJ236962","04/30/2025 08:14:00 AM","112XX S NORMAL AVE","0110","HOMICIDE","FIRST DEGREE MURDER","STREET","true","false","2233","022","21","49","01A","1174968","1830443","2025","08/18/2025 03:45:50 PM","41.690115747","-87.63506079","(41.690115747, -87.63506079)"
"28677","JJ235943","04/29/2025 12:26:00 PM","005XX N LARAMIE AVE","0110","HOMICIDE","FIRST DEGREE MURDER","RETAIL STORE","false","false","1532","015","37","25","01A","1141611","1902851","2025","05/07/2025 03:40:56 PM","41.889492699","-87.755401618","(41.889492699, -87.755401618)"
"28676","JJ234434","04/29/2025 10:20:00 AM","002XX W 106TH ST","0110","HOMICIDE","FIRST DEGREE MURDER","STREET","true","false","0512","005","21","49","01A","1176490","1834648","2025","11/13/2025 03:43:15 PM","41.701620892","-87.629362898","(41.701620892, -87.629362898)"
"28720","JJ235548","04/29/2025 04:52:00 AM","013XX S LAWNDALE AVE","0110","HOMICIDE","FIRST DEGREE MURDER","YARD","false","true","1011","010","24","29","01A","1151919","1893621","2025","06/05/2025 03:40:33 PM","41.863967823","-87.717789094","(41.863967823, -87.717789094)"
"28675","JJ232851","04/27/2025 12:08:00 AM","025XX S HILLOCK AVE","0110","HOMICIDE","FIRST DEGREE MURDER","STREET","false","false","0913","009","11","60","01A","1169034","1887166","2025","05/05/2025 03:43:03 PM","41.845900828","-87.655147938","(41.845900828, -87.655147938)"
"28673","JJ229886","04/24/2025 07:03:00 PM","003XX N CENTRAL AVE","0110","HOMICIDE","FIRST DEGREE MURDER","STREET","true","false","1512","015","29","25","01A","1138977","1901868","2025","07/25/2025 03:41:09 PM","41.886843497","-87.765098817","(41.886843497, -87.765098817)"
"28674","JJ228156","04/23/2025 04:50:00 AM","012XX N PINE AVE","0110","HOMICIDE","FIRST DEGREE MURDER","GARAGE","true","false","2532","025","37","25","01A","1139272","1907888","2025","05/01/2025 03:41:22 PM","41.903357751","-87.763868751","(41.903357751, -87.763868751)"
"28878","JJ227027","04/22/2025 08:26:00 AM","000XX W CTA OHARE PLATFORM ST","0110","HOMICIDE","FIRST DEGREE MURDER","CTA ""L"" TRAIN","true","false","1654","016","41","76","01A","1100955","1934905","2025","09/20/2025 03:41:39 PM","41.978108446","-87.904122758","(41.978108446, -87.904122758)"
"28672","JJ226475","04/21/2025 05:06:00 PM","049XX W HUBBARD ST","0110","HOMICIDE","FIRST DEGREE MURDER","VACANT LOT","false","false","1532","015","37","25","01A","1143291","1902558","2025","04/29/2025 03:46:54 PM","41.888657457","-87.7492392","(41.888657457, -87.7492392)"
"28670","JJ224773","04/20/2025 03:15:00 AM","072XX S PAXTON AVE","0110","HOMICIDE","FIRST DEGREE MURDER","HALLWAY","false","false","0333","003","5","43","01A","1192138","1857413","2025","04/28/2025 03:41:27 PM","41.763724903","-87.571327637","(41.763724903, -87.571327637)"
"28671","JJ224773","04/20/2025 03:08:00 AM","072XX S PAXTON AVE","0110","HOMICIDE","FIRST DEGREE MURDER","HALLWAY","false","false","0333","003","5","43","01A","1192138","1857413","2025","04/28/2025 03:41:27 PM","41.763724903","-87.571327637","(41.763724903, -87.571327637)"
"28669","JJ224737","04/20/2025 01:47:00 AM","072XX S GREEN ST","0110","HOMICIDE","FIRST DEGREE MURDER","YARD","false","false","0733","007","17","68","01A","1171888","1856898","2025","04/28/2025 03:41:27 PM","41.762779972","-87.645562915","(41.762779972, -87.645562915)"
"13810414","JJ223648","04/19/2025 02:42:00 AM","001XX E SUPERIOR ST","0142","HOMICIDE","RECKLESS HOMICIDE","STREET","true","false","1833","018","2","8","01B","1177101","1905390","2025","03/14/2026 03:41:39 PM","41.895729959","-87.624991059","(41.895729959, -87.624991059)"
"28668","JJ223186","04/18/2025 05:56:00 PM","056XX W NORTH AVE","0110","HOMICIDE","FIRST DEGREE MURDER","ALLEY","false","false","2531","025","29","25","01A","1138594","1910075","2025","04/26/2025 03:41:02 PM","41.909371462","-87.766306125","(41.909371462, -87.766306125)"
"28667","JJ220993","04/16/2025 09:58:00 PM","008XX W LILL AVE","0110","HOMICIDE","FIRST DEGREE MURDER","STREET","true","false","1935","019","43","7","01A","1170069","1917148","2025","04/25/2025 03:41:03 PM","41.928150968","-87.650473997","(41.928150968, -87.650473997)"
"28666","JJ219671","04/15/2025 08:28:00 PM","010XX W 115TH ST","0110","HOMICIDE","FIRST DEGREE MURDER","STREET","false","false","0524","005","21","53","01A","1171558","1828555","2025","04/23/2025 03:41:12 PM","41.685009946","-87.647599916","(41.685009946, -87.647599916)"
"28665","JJ218649","04/15/2025 07:16:00 AM","007XX N SPAULDING AVE","0110","HOMICIDE","FIRST DEGREE MURDER","STREET","false","false","1121","011","27","23","01A","1154241","1904782","2025","04/23/2025 03:41:12 PM","41.894548755","-87.708967018","(41.894548755, -87.708967018)"
"28664","JJ216438","04/13/2025 01:24:00 PM","014XX W 49TH PL","0110","HOMICIDE","FIRST DEGREE MURDER","YARD","true","true","0933","009","20","61","01A","1167609","1871923","2025","04/04/2026 03:53:20 PM","41.804103232","-87.660815441","(41.804103232, -87.660815441)"
"28663","JJ216004","04/13/2025 12:13:00 AM","027XX W BALMORAL AVE","0110","HOMICIDE","FIRST DEGREE MURDER","APARTMENT","true","true","2011","020","40","4","01A","1157170","1935755","2025","04/21/2025 03:41:50 PM","41.979481824","-87.697365737","(41.979481824, -87.697365737)"
"28662","JJ215752","04/12/2025 06:37:00 PM","004XX S PEORIA ST","0110","HOMICIDE","FIRST DEGREE MURDER","STREET","true","false","1232","012","34","28","01A","1170477","1898276","2025","03/05/2026 03:41:53 PM","41.876356157","-87.649527529","(41.876356157, -87.649527529)"
"28661","JJ214956","04/12/2025 01:30:00 AM","035XX E 133RD ST","0110","HOMICIDE","FIRST DEGREE MURDER","ALLEY","false","false","0433","004","10","55","01A","1201665","1817391","2025","04/20/2025 03:42:02 PM","41.653664334","-87.53776519","(41.653664334, -87.53776519)"
"28657","JJ212033","04/09/2025 04:40:00 PM","003XX N CICERO AVE","0110","HOMICIDE","FIRST DEGREE MURDER","STREET","false","false","1113","011","28","25","01A","1144327","1901468","2025","04/17/2025 03:42:17 PM","41.885646954","-87.745462","(41.885646954, -87.745462)"
"28655","JJ207551","04/05/2025 08:09:00 PM","013XX W 76TH ST","0110","HOMICIDE","FIRST DEGREE MURDER","PARKING LOT","false","false","0612","006","17","71","01A","1168761","1854390","2025","04/13/2025 03:41:18 PM","41.755965725","-87.65709614","(41.755965725, -87.65709614)"
"28654","JJ201117","03/31/2025 12:30:00 PM","080XX S PAULINA ST","0110","HOMICIDE","FIRST DEGREE MURDER","APARTMENT","true","false","0611","006","17","71","01A","1166412","1851310","2025","03/21/2026 03:47:05 PM","41.747564118","-87.66579229","(41.747564118, -87.66579229)"
"28653","JJ198021","03/28/2025 06:13:00 PM","028XX S KOMENSKY AVE","0110","HOMICIDE","FIRST DEGREE MURDER","STREET","false","false","1031","010","22","30","01A","1149838","1884889","2025","04/05/2025 03:40:58 PM","41.840046818","-87.72565526","(41.840046818, -87.72565526)"
"28652","JJ196797","03/27/2025 04:51:00 PM","047XX W MONROE ST","0110","HOMICIDE","FIRST DEGREE MURDER","STREET","false","false","1113","011","28","25","01A","1144892","1899148","2025","04/04/2025 03:41:31 PM","41.879269958","-87.743445744","(41.879269958, -87.743445744)"
"28651","JJ195195","03/26/2025 09:00:00 AM","002XX W 72ND ST","0110","HOMICIDE","FIRST DEGREE MURDER","STREET","false","false","0731","007","6","69","01A","1175758","1857222","2025","04/03/2025 03:42:02 PM","41.763583279","-87.631369099","(41.763583279, -87.631369099)"
"28650","JJ195117","03/26/2025 05:22:00 AM","101XX S PRAIRIE AVE","0110","HOMICIDE","FIRST DEGREE MURDER","STREET","false","false","0511","005","9","49","01A","1179706","1837748","2025","04/03/2025 03:42:02 PM","41.710054969","-87.617492635","(41.710054969, -87.617492635)"
"28649","JJ194458","03/25/2025 03:40:00 PM","121XX S EGGLESTON AVE","0110","HOMICIDE","FIRST DEGREE MURDER","STREET","false","false","0523","005","21","53","01A","1175485","1824414","2025","01/31/2026 03:41:08 PM","41.673559717","-87.633347373","(41.673559717, -87.633347373)"
"28648","JJ193621","03/24/2025 06:42:00 PM","005XX W 65TH PL","0110","HOMICIDE","FIRST DEGREE MURDER","HOUSE","true","true","0722","007","6","68","01A","1174089","1861476","2025","03/24/2026 03:41:10 PM","41.775293961","-87.637360141","(41.775293961, -87.637360141)"
"28647","JJ193007","03/24/2025 11:36:00 AM","066XX S SANGAMON ST","0110","HOMICIDE","FIRST DEGREE MURDER","STREET","false","false","0723","007","16","68","01A","1171122","1860733","2025","04/01/2025 03:41:49 PM","41.773320456","-87.648258471","(41.773320456, -87.648258471)"
"28645","JJ192644","03/23/2025 10:46:00 PM","053XX S KEDZIE AVE","0110","HOMICIDE","FIRST DEGREE MURDER","APARTMENT","true","true","0822","008","14","63","01A","1155958","1868866","2025","03/31/2025 03:42:37 PM","41.795956618","-87.703628143","(41.795956618, -87.703628143)"
"28646","JJ192644","03/23/2025 10:46:00 PM","053XX S KEDZIE AVE","0110","HOMICIDE","FIRST DEGREE MURDER","APARTMENT","true","true","0822","008","14","63","01A","1155958","1868866","2025","03/31/2025 03:42:37 PM","41.795956618","-87.703628143","(41.795956618, -87.703628143)"
"28644","JJ191280","03/22/2025 04:27:00 PM","133XX S AVENUE M","0110","HOMICIDE","FIRST DEGREE MURDER","APARTMENT","true","false","0433","004","10","55","01A","1201753","1817029","2025","06/11/2025 03:43:04 PM","41.652668737","-87.537455437","(41.652668737, -87.537455437)"
"28643","JJ190944","03/22/2025 11:47:00 AM","047XX S EVANS AVE","0110","HOMICIDE","FIRST DEGREE MURDER","STREET","false","false","0223","002","4","38","01A","1182052","1873800","2025","03/30/2025 03:41:18 PM","41.808931549","-87.607787731","(41.808931549, -87.607787731)"
"28642","JJ190650","03/22/2025 03:19:00 AM","064XX N RICHMOND ST","0110","HOMICIDE","FIRST DEGREE MURDER","APARTMENT","true","false","2412","024","50","2","01A","1155498","1942555","2025","08/14/2025 03:41:08 PM","41.998175246","-87.703330719","(41.998175246, -87.703330719)"
"28641","JJ190062","03/21/2025 04:19:00 PM","061XX S JUSTINE ST","0110","HOMICIDE","FIRST DEGREE MURDER","APARTMENT","false","false","0713","007","16","67","01A","1167060","1863988","2025","03/29/2025 03:41:10 PM","41.782340415","-87.663055812","(41.782340415, -87.663055812)"
"28640","JJ190062","03/21/2025 04:19:00 PM","061XX S JUSTINE ST","0110","HOMICIDE","FIRST DEGREE MURDER","APARTMENT","false","false","0713","007","16","67","01A","1167060","1863988","2025","03/29/2025 03:41:10 PM","41.782340415","-87.663055812","(41.782340415, -87.663055812)"
"28636","JJ186745","03/18/2025 11:27:00 PM","000XX W 69TH ST","0110","HOMICIDE","FIRST DEGREE MURDER","CTA ""L"" PLATFORM","true","true","0731","007","6","69","01A","1177279","1859276","2025","03/26/2025 03:41:04 PM","41.769185486","-87.625732415","(41.769185486, -87.625732415)"
"28635","JJ186623","03/18/2025 08:50:00 PM","035XX W SUNNYSIDE AVE","0110","HOMICIDE","FIRST DEGREE MURDER","STREET","true","false","1723","017","33","14","01A","1152123","1929682","2025","03/26/2025 03:41:04 PM","41.962918455","-87.71608752","(41.962918455, -87.71608752)"
"28637","JJ183804","03/18/2025 08:10:00 PM","042XX W CRYSTAL ST","0110","HOMICIDE","FIRST DEGREE MURDER","PORCH","false","false","2534","025","37","23","01A","1147902","1907992","2025","03/26/2025 03:41:04 PM","41.903481557","-87.732165896","(41.903481557, -87.732165896)"
"28634","JJ185113","03/17/2025 05:03:00 PM","030XX W VAN BUREN ST","0110","HOMICIDE","FIRST DEGREE MURDER","PARK PROPERTY","true","true","1134","011","28","27","01A","1156014","1898003","2025","05/28/2025 03:42:36 PM","41.875910934","-87.702638262","(41.875910934, -87.702638262)"
"28632","JJ184275","03/17/2025 02:27:00 AM","015XX S KILDARE AVE","0110","HOMICIDE","FIRST DEGREE MURDER","YARD","false","false","1012","010","24","29","01A","1147969","1892141","2025","03/25/2025 03:52:07 PM","41.859983323","-87.732327537","(41.859983323, -87.732327537)"
"28631","JJ183186","03/16/2025 04:24:00 AM","013XX N HUDSON AVE","0110","HOMICIDE","FIRST DEGREE MURDER","CHA APARTMENT","true","true","1821","018","27","8","01A","1173068","1909520","2025","04/03/2025 03:41:12 PM","41.907153315","-87.639680572","(41.907153315, -87.639680572)"
"28630","JJ179146","03/12/2025 08:55:00 PM","049XX W HUBBARD ST","0110","HOMICIDE","FIRST DEGREE MURDER","ALLEY","false","false","1532","015","37","25","01A","1143236","1902557","2025","03/20/2025 03:44:59 PM","41.88865574","-87.749441207","(41.88865574, -87.749441207)"
"28638","JJ178422","03/12/2025 10:25:00 AM","050XX W CONGRESS PKWY","0110","HOMICIDE","FIRST DEGREE MURDER","STREET","true","false","1533","015","29","25","01A","1142625","1897206","2025","06/17/2025 03:43:33 PM","41.873983322","-87.751818208","(41.873983322, -87.751818208)"
"28629","JJ176927","03/11/2025 08:36:00 AM","054XX W FERDINAND ST","0110","HOMICIDE","FIRST DEGREE MURDER","APARTMENT","true","true","1523","015","37","25","01A","1139951","1902621","2025","04/01/2025 03:40:58 PM","41.888892069","-87.761503549","(41.888892069, -87.761503549)"
"28628","JJ176772","03/11/2025 04:02:00 AM","014XX W 77TH ST","0110","HOMICIDE","FIRST DEGREE MURDER","STREET","true","false","0612","006","17","71","01A","1167661","1853675","2025","08/26/2025 03:42:41 PM","41.754027324","-87.66114787","(41.754027324, -87.66114787)"
"28626","JJ176329","03/10/2025 05:29:00 PM","050XX W MADISON ST","0110","HOMICIDE","FIRST DEGREE MURDER","STREET","false","false","1533","015","28","25","01A","1142666","1899551","2025","03/18/2025 03:41:44 PM","41.880417533","-87.751609318","(41.880417533, -87.751609318)"
"28625","JJ175401","03/10/2025 12:15:00 PM","076XX S LANGLEY AVE","0110","HOMICIDE","FIRST DEGREE MURDER","PORCH","false","false","0624","006","6","69","01A","1182218","1854498","2025","03/18/2025 03:41:44 PM","41.755961239","-87.607776259","(41.755961239, -87.607776259)"
"28623","JJ174130","03/09/2025 06:29:00 PM","035XX W POLK ST","0110","HOMICIDE","FIRST DEGREE MURDER","ALLEY","true","false","1133","011","24","27","01A","1152850","1896140","2025","10/09/2025 03:43:47 PM","41.870861872","-87.714304729","(41.870861872, -87.714304729)"
"28624","JJ174453","03/09/2025 03:42:00 AM","006XX N FRANKLIN ST","0110","HOMICIDE","FIRST DEGREE MURDER","STREET","false","false","1831","018","42","8","01A","1174218","1904360","2025","03/17/2025 03:41:20 PM","41.892968409","-87.635610325","(41.892968409, -87.635610325)"
"28622","JJ173334","03/08/2025 03:30:00 AM","002XX W 105TH PL","0110","HOMICIDE","FIRST DEGREE MURDER","STREET","false","false","0512","005","21","49","01A","1176512","1834981","2025","03/16/2025 03:41:36 PM","41.702534199","-87.629272373","(41.702534199, -87.629272373)"
"28620","JJ173305","03/08/2025 12:14:00 AM","001XX E 21ST ST","0110","HOMICIDE","FIRST DEGREE MURDER","STREET","true","false","0132","001","3","33","01A","1177651","1890293","2025","03/16/2025 03:41:36 PM","41.854290451","-87.623429658","(41.854290451, -87.623429658)"
"28621","JJ173210","03/07/2025 09:29:00 PM","023XX S KIRKLAND AVE","0110","HOMICIDE","FIRST DEGREE MURDER","HOUSE","true","true","1013","010","22","29","01A","1147720","1888132","2025","12/08/2025 03:41:58 PM","41.848986896","-87.733344385","(41.848986896, -87.733344385)"
"28619","JJ172362","03/07/2025 10:21:00 AM","047XX W WEST END AVE","0110","HOMICIDE","FIRST DEGREE MURDER","ALLEY","false","false","1113","011","28","25","01A","1144851","1900561","2025","03/15/2025 03:41:21 PM","41.883148173","-87.743560636","(41.883148173, -87.743560636)"
"29001","P562605","03/05/2025 05:09:00 PM","072XX S EUCLID AVE","0110","HOMICIDE","FIRST DEGREE MURDER","STREET","true","false","0333","003","5","43","01A","1190299","1857202","2025","01/06/2026 03:41:42 PM","41.763190409","-87.578074646","(41.763190409, -87.578074646)"
"28618","JJ166974","03/02/2025 02:58:00 PM","054XX W WALTON ST","0110","HOMICIDE","FIRST DEGREE MURDER","STREET","false","false","1524","015","37","25","01A","1139940","1905802","2025","03/10/2025 03:41:24 PM","41.897621324","-87.761466086","(41.897621324, -87.761466086)"
"28617","JJ166355","03/01/2025 08:55:00 PM","013XX W 18TH ST","0110","HOMICIDE","FIRST DEGREE MURDER","STREET","false","false","1233","012","25","31","01A","1167330","1891517","2025","03/09/2025 03:41:23 PM","41.85787712","-87.66127649","(41.85787712, -87.66127649)"
"28616","JJ166180","03/01/2025 04:59:00 PM","077XX S KINGSTON AVE","0110","HOMICIDE","FIRST DEGREE MURDER","HALLWAY","true","false","0421","004","7","43","01A","1194536","1854049","2025","05/18/2025 03:40:55 PM","41.754435205","-87.562649079","(41.754435205, -87.562649079)"
"28615","JJ165440","02/28/2025 10:19:00 PM","031XX W MADISON ST","0110","HOMICIDE","FIRST DEGREE MURDER","CHA STAIRWELL","false","false","1222","012","28","27","01A","1155486","1899851","2025","03/08/2025 03:41:07 PM","41.880992663","-87.704527184","(41.880992663, -87.704527184)"
"28614","JJ164563","02/28/2025 08:52:00 AM","008XX E 82ND ST","0110","HOMICIDE","FIRST DEGREE MURDER","APARTMENT","false","false","0631","006","8","44","01A","1183157","1850804","2025","03/08/2025 03:41:07 PM","41.745802731","-87.604449755","(41.745802731, -87.604449755)"
"28613","JJ160939","02/25/2025 03:39:00 AM","109XX S EDBROOKE AVE","0110","HOMICIDE","FIRST DEGREE MURDER","HOUSE","false","false","0513","005","9","49","01A","1179184","1832547","2025","03/05/2025 03:42:07 PM","41.695794603","-87.619562133","(41.695794603, -87.619562133)"
"28612","JJ159578","02/23/2025 10:17:00 PM","075XX N DAMEN AVE","0110","HOMICIDE","FIRST DEGREE MURDER","ALLEY","true","false","2424","024","49","1","01A","1161660","1950005","2025","03/03/2025 03:41:36 PM","42.018491594","-87.68045379","(42.018491594, -87.68045379)"
"28611","JJ158810","02/23/2025 06:41:00 AM","076XX S INGLESIDE AVE","0110","HOMICIDE","FIRST DEGREE MURDER","APARTMENT","true","true","0624","006","8","69","01A","1183887","1854502","2025","03/03/2025 03:41:36 PM","41.755933427","-87.601659691","(41.755933427, -87.601659691)"
"28610","JJ158505","02/22/2025 09:53:00 PM","003XX W GRAND AVE","0110","HOMICIDE","FIRST DEGREE MURDER","HOTEL","true","true","1831","018","42","8","01A","1173615","1903832","2025","05/28/2025 03:42:36 PM","41.891532981","-87.637840611","(41.891532981, -87.637840611)"
"28609","JJ156190","02/20/2025 07:41:00 PM","071XX S EBERHART AVE","0110","HOMICIDE","FIRST DEGREE MURDER","APARTMENT","true","true","0323","003","6","69","01A","1180814","1857739","2025","03/21/2025 03:49:57 PM","41.764887263","-87.612822073","(41.764887263, -87.612822073)"
"28607","JJ152026","02/17/2025 05:22:00 AM","013XX W ESTES AVE","0110","HOMICIDE","FIRST DEGREE MURDER","STREET","true","false","2423","024","49","1","01A","1166242","1947529","2025","05/18/2025 03:40:55 PM","42.011600274","-87.663664132","(42.011600274, -87.663664132)"
"28604","JJ145827","02/11/2025 08:00:00 AM","002XX E 121ST PL","0110","HOMICIDE","FIRST DEGREE MURDER","APARTMENT","false","false","0532","005","9","53","01A","1180007","1824447","2025","02/19/2025 03:43:45 PM","41.673548279","-87.616795523","(41.673548279, -87.616795523)"
"28603","JJ145827","02/11/2025 08:00:00 AM","002XX E 121ST PL","0110","HOMICIDE","FIRST DEGREE MURDER","APARTMENT","false","false","0532","005","9","53","01A","1180007","1824447","2025","02/19/2025 03:43:45 PM","41.673548279","-87.616795523","(41.673548279, -87.616795523)"
"28602","JJ145710","02/11/2025 01:19:00 AM","099XX S PRINCETON AVE","0110","HOMICIDE","FIRST DEGREE MURDER","STREET","false","false","0511","005","9","49","01A","1176038","1839119","2025","02/19/2025 03:43:45 PM","41.713900077","-87.630884426","(41.713900077, -87.630884426)"
"28600","JJ143742","02/09/2025 05:52:00 AM","018XX E 79TH ST","0110","HOMICIDE","FIRST DEGREE MURDER","STREET","true","false","0414","004","8","46","01A","1190046","1852964","2025","09/25/2025 03:45:48 PM","41.751567063","-87.579138098","(41.751567063, -87.579138098)"
"28599","JJ142627","02/08/2025 03:44:00 AM","066XX S CHAMPLAIN AVE","0110","HOMICIDE","FIRST DEGREE MURDER","APARTMENT","true","true","0321","003","20","42","01A","1181708","1861107","2025","06/17/2025 03:43:33 PM","41.774108794","-87.609441441","(41.774108794, -87.609441441)"
"28597","JJ141437","02/07/2025 03:00:00 AM","007XX N TRUMBULL AVE","0110","HOMICIDE","FIRST DEGREE MURDER","APARTMENT","true","false","1121","011","27","23","01A","1153248","1904647","2025","04/19/2025 03:40:41 PM","41.894198074","-87.712617625","(41.894198074, -87.712617625)"
"28593","JJ137398","02/03/2025 07:43:00 PM","008XX N CHRISTIANA AVE","0110","HOMICIDE","FIRST DEGREE MURDER","STAIRWELL","false","false","1121","011","27","23","01A","1153971","1905503","2025","02/11/2025 03:42:38 PM","41.896532636","-87.709939414","(41.896532636, -87.709939414)"
"28592","JJ136030","02/02/2025 05:02:00 PM","036XX W 60TH PL","0110","HOMICIDE","FIRST DEGREE MURDER","ALLEY","false","false","0823","008","23","65","01A","1153191","1864251","2025","02/10/2025 03:41:08 PM","41.783347545","-87.713896925","(41.783347545, -87.713896925)"
"28591","JJ135514","02/02/2025 06:52:00 AM","106XX S WALDEN PKWY","0110","HOMICIDE","FIRST DEGREE MURDER","APARTMENT","false","false","2212","022","19","72","01A","1165433","1834103","2025","02/10/2025 03:41:08 PM","41.700366208","-87.669865596","(41.700366208, -87.669865596)"
"28590","JJ135406","02/02/2025 03:27:00 AM","085XX S PARNELL AVE","0110","HOMICIDE","FIRST DEGREE MURDER","HOUSE","true","true","0622","006","21","71","01A","1174122","1848148","2025","04/03/2025 03:41:12 PM","41.73871957","-87.637634278","(41.73871957, -87.637634278)"
"28594","JJ135347","02/02/2025 02:18:00 AM","003XX W 110TH PL","0110","HOMICIDE","FIRST DEGREE MURDER","HOUSE","false","false","0513","005","21","49","01A","1176051","1831648","2025","02/10/2025 03:41:08 PM","41.693398288","-87.63105994","(41.693398288, -87.63105994)"
"28589","JJ134880","02/01/2025 03:27:00 PM","071XX S VERNON AVE","0110","HOMICIDE","FIRST DEGREE MURDER","HOUSE","false","false","0323","003","6","69","01A","1180481","1857796","2025","02/09/2025 03:41:48 PM","41.765051325","-87.614040855","(41.765051325, -87.614040855)"
"28587","JJ134131","02/01/2025 04:28:00 AM","056XX S EMERALD AVE","0110","HOMICIDE","FIRST DEGREE MURDER","APARTMENT","true","true","0711","007","16","68","01A","1172263","1867472","2025","01/24/2026 03:41:03 PM","41.79178802","-87.643877765","(41.79178802, -87.643877765)"
"28586","JJ133728","01/31/2025 03:18:00 PM","002XX N CENTRAL AVE","0110","HOMICIDE","FIRST DEGREE MURDER","STREET","false","false","1523","015","37","25","01A","1139002","1901119","2025","02/08/2025 03:41:08 PM","41.884787691","-87.765025225","(41.884787691, -87.765025225)"
"28585","JJ133632","01/31/2025 01:56:00 PM","085XX S MORGAN ST","0110","HOMICIDE","FIRST DEGREE MURDER","STREET","false","false","0613","006","17","71","01A","1171138","1848220","2025","02/08/2025 03:41:08 PM","41.738982823","-87.648564923","(41.738982823, -87.648564923)"
"28925","JH224120","01/30/2025 10:57:00 PM","105XX S EDBROOKE AVE","0110","HOMICIDE","FIRST DEGREE MURDER","STREET","false","false","0512","005","9","49","01A","1179135","1835129","2025","10/25/2025 03:42:26 PM","41.702881085","-87.619663203","(41.702881085, -87.619663203)"
"28584","JJ132706","01/30/2025 04:39:00 PM","029XX S MICHIGAN AVE","0110","HOMICIDE","FIRST DEGREE MURDER","STREET","false","false","0133","001","4","35","01A","1177739","1885265","2025","02/07/2025 03:42:03 PM","41.840491269","-87.623259258","(41.840491269, -87.623259258)"
"13734609","JJ131948","01/30/2025 12:16:00 AM","063XX N ALBANY AVE","0142","HOMICIDE","RECKLESS HOMICIDE","STREET","true","false","2413","024","50","2","01B","1154540","1941794","2025","12/25/2025 03:40:45 PM","41.996106315","-87.706875373","(41.996106315, -87.706875373)"
"28583","JJ131025","01/29/2025 10:35:00 AM","014XX W 90TH ST","0110","HOMICIDE","FIRST DEGREE MURDER","STREET","false","false","2222","022","21","73","01A","1168378","1845067","2025","02/06/2025 03:41:24 PM","41.730390353","-87.658767583","(41.730390353, -87.658767583)"
"28595","JJ127302","01/29/2025 09:41:00 AM","001XX E 60TH ST","0110","HOMICIDE","FIRST DEGREE MURDER","ALLEY","true","false","0232","002","20","40","01A","1178363","1865265","2025","02/13/2025 03:40:50 PM","41.785595377","-87.621577312","(41.785595377, -87.621577312)"
"28580","JJ130497","01/28/2025 06:57:00 PM","053XX S WABASH AVE","0110","HOMICIDE","FIRST DEGREE MURDER","APARTMENT","false","false","0225","002","3","40","01A","1177624","1869530","2025","02/05/2025 03:43:25 PM","41.797315709","-87.624157817","(41.797315709, -87.624157817)"
"28581","JJ130497","01/28/2025 06:57:00 PM","053XX S WABASH AVE","0110","HOMICIDE","FIRST DEGREE MURDER","APARTMENT","false","false","0225","002","3","40","01A","1177624","1869530","2025","02/05/2025 03:43:25 PM","41.797315709","-87.624157817","(41.797315709, -87.624157817)"
"28579","JJ129772","01/28/2025 10:04:00 AM","020XX N NEWCASTLE AVE","0110","HOMICIDE","FIRST DEGREE MURDER","STREET","false","false","2512","025","29","25","01A","1130432","1912718","2025","02/05/2025 03:43:25 PM","41.916768342","-87.796229477","(41.916768342, -87.796229477)"
"28577","JJ129588","01/28/2025 05:30:00 AM","077XX S OGLESBY AVE","0110","HOMICIDE","FIRST DEGREE MURDER","ALLEY","true","false","0414","004","7","43","01A","1193213","1854022","2025","07/03/2025 03:44:02 PM","41.754393534","-87.567498248","(41.754393534, -87.567498248)"
"28578","JJ129588","01/28/2025 05:27:00 AM","077XX S OGLESBY AVE","0110","HOMICIDE","FIRST DEGREE MURDER","ALLEY","true","false","0414","004","7","43","01A","1193213","1854022","2025","07/03/2025 03:44:02 PM","41.754393534","-87.567498248","(41.754393534, -87.567498248)"
"28576","JJ128268","01/26/2025 11:05:00 PM","076XX W TALCOTT AVE","0110","HOMICIDE","FIRST DEGREE MURDER","BASEMENT","true","false","1612","016","41","10","01A","1124406","1939783","2025","02/03/2025 03:41:24 PM","41.991139354","-87.8177712","(41.991139354, -87.8177712)"
"28575","JJ127758","01/26/2025 01:14:00 PM","131XX S CORLISS AVE","0110","HOMICIDE","FIRST DEGREE MURDER","APARTMENT","true","false","0533","005","10","54","01A","1184011","1818231","2025","02/25/2026 03:41:59 PM","41.656398372","-87.602333616","(41.656398372, -87.602333616)"
"28573","JJ125258","01/24/2025 04:14:00 AM","049XX W NORTH AVE","0110","HOMICIDE","FIRST DEGREE MURDER","PARKING LOT","false","false","2533","025","37","25","01A","1143000","1910178","2025","02/01/2025 03:41:18 PM","41.909573038","-87.750117639","(41.909573038, -87.750117639)"
"28572","JJ125190","01/24/2025 12:00:00 AM","012XX S SAWYER AVE","0110","HOMICIDE","FIRST DEGREE MURDER","STREET","false","false","1022","010","24","29","01A","1154890","1894277","2025","01/31/2025 03:41:28 PM","41.865708986","-87.706865048","(41.865708986, -87.706865048)"
"28571","JJ125013","01/23/2025 07:33:00 PM","042XX W VAN BUREN ST","0110","HOMICIDE","FIRST DEGREE MURDER","ALLEY","false","false","1132","011","28","26","01A","1148115","1897683","2025","01/31/2025 03:41:28 PM","41.875188431","-87.731649018","(41.875188431, -87.731649018)"
"28605","JJ116681","01/23/2025 07:12:00 PM","058XX W NEWPORT AVE","0110","HOMICIDE","FIRST DEGREE MURDER","APARTMENT","true","true","1633","016","30","15","01A","1136879","1922345","2025","03/08/2025 03:40:26 PM","41.943072654","-87.772311463","(41.943072654, -87.772311463)"
"28570","JJ120929","01/19/2025 09:14:00 PM","015XX S WABASH AVE","0110","HOMICIDE","FIRST DEGREE MURDER","APARTMENT","false","false","0131","001","3","33","01A","1177014","1892855","2025","01/27/2025 03:41:27 PM","41.861335178","-87.625690175","(41.861335178, -87.625690175)"
"28569","JJ120220","01/19/2025 04:13:00 AM","074XX S STATE ST","0110","HOMICIDE","FIRST DEGREE MURDER","RESTAURANT","true","false","0323","003","6","69","01A","1177570","1855556","2025","01/27/2025 03:41:27 PM","41.758970818","-87.624778076","(41.758970818, -87.624778076)"
"28568","JJ118999","01/18/2025 01:48:00 AM","060XX W BELDEN AVE","0110","HOMICIDE","FIRST DEGREE MURDER","STREET","false","false","2512","025","36","19","01A","1135795","1914656","2025","01/26/2025 03:41:44 PM","41.921992585","-87.776479319","(41.921992585, -87.776479319)"
"28567","JJ117733","01/17/2025 08:36:00 AM","079XX S EAST END AVE","0110","HOMICIDE","FIRST DEGREE MURDER","STREET","true","true","0414","004","8","46","01A","1189026","1852748","2025","09/24/2025 04:02:34 PM","41.750998814","-87.582882758","(41.750998814, -87.582882758)"
"28565","JJ117484","01/16/2025 08:01:00 PM","020XX W 47TH ST","0110","HOMICIDE","FIRST DEGREE MURDER","ALLEY","true","true","0931","009","15","61","01A","1163636","1873496","2025","01/24/2025 03:41:32 PM","41.808504114","-87.675342372","(41.808504114, -87.675342372)"
"28564","JJ116721","01/16/2025 08:06:00 AM","041XX W GRENSHAW ST","0110","HOMICIDE","FIRST DEGREE MURDER","PORCH","true","true","1132","011","24","29","01A","1148902","1894716","2025","01/29/2025 03:40:48 PM","41.867031461","-87.72883616","(41.867031461, -87.72883616)"
"28563","JJ116681","01/16/2025 06:09:00 AM","058XX W NEWPORT AVE","0110","HOMICIDE","FIRST DEGREE MURDER","APARTMENT","true","true","1633","016","30","15","01A","1136879","1922345","2025","03/08/2025 03:40:26 PM","41.943072654","-87.772311463","(41.943072654, -87.772311463)"
"28561","JJ115426","01/14/2025 11:20:00 PM","056XX S CALIFORNIA AVE","0110","HOMICIDE","FIRST DEGREE MURDER","STREET","true","false","0824","008","15","63","01A","1158671","1867129","2025","01/22/2025 03:41:53 PM","41.791135088","-87.693726735","(41.791135088, -87.693726735)"
"28560","JJ115360","01/14/2025 09:43:00 PM","054XX N ASHLAND AVE","0110","HOMICIDE","FIRST DEGREE MURDER","ALLEY","false","false","2012","020","40","77","01A","1164682","1936139","2025","01/22/2025 03:41:53 PM","41.980379165","-87.669728811","(41.980379165, -87.669728811)"
"28559","JJ115213","01/14/2025 07:10:00 PM","004XX N SPRINGFIELD AVE","0110","HOMICIDE","FIRST DEGREE MURDER","STREET","false","false","1122","011","37","23","01A","1150308","1902771","2025","01/22/2025 03:41:53 PM","41.889107991","-87.723464378","(41.889107991, -87.723464378)"
"28558","JJ114192","01/13/2025 10:18:00 PM","075XX S EBERHART AVE","0110","HOMICIDE","FIRST DEGREE MURDER","STAIRWELL","true","false","0624","006","6","69","01A","1180879","1855187","2025","08/29/2025 03:41:49 PM","41.757882812","-87.612662196","(41.757882812, -87.612662196)"
"28557","JJ112685","01/12/2025 07:46:00 PM","016XX W 81ST ST","0110","HOMICIDE","FIRST DEGREE MURDER","STREET","false","false","0614","006","17","71","01A","1166858","1851000","2025","01/20/2025 03:41:03 PM","41.746703927","-87.664166844","(41.746703927, -87.664166844)"
"28556","JJ111772","01/11/2025 04:46:00 PM","086XX S MUSKEGON AVE","0110","HOMICIDE","FIRST DEGREE MURDER","HOUSE","true","true","0423","004","10","46","01A","1196649","1848242","2025","09/22/2025 03:42:01 PM","41.738448153","-87.555098228","(41.738448153, -87.555098228)"
"28555","JJ111207","01/11/2025 04:39:00 AM","011XX S ST LOUIS AVE","0110","HOMICIDE","FIRST DEGREE MURDER","STREET","false","false","1133","011","24","29","01A","1153217","1894674","2025","01/19/2025 03:41:44 PM","41.866831736","-87.71299623","(41.866831736, -87.71299623)"
"28554","JJ105327","01/06/2025 06:05:00 AM","021XX W GLADYS AVE","0110","HOMICIDE","FIRST DEGREE MURDER","STREET","true","false","1225","012","27","28","01A","1162270","1898416","2025","01/25/2025 03:40:57 PM","41.876915799","-87.679656912","(41.876915799, -87.679656912)"
"28553","JJ104816","01/05/2025 09:53:00 AM","026XX W 60TH ST","0110","HOMICIDE","FIRST DEGREE MURDER","STREET","true","true","0824","008","16","66","01A","1159959","1864777","2025","10/03/2025 03:41:52 PM","41.784654487","-87.689068516","(41.784654487, -87.689068516)"
"28552","JJ104054","01/04/2025 06:34:00 PM","009XX E 81ST ST","0110","HOMICIDE","FIRST DEGREE MURDER","STREET","false","false","0631","006","8","44","01A","1183759","1851486","2025","01/12/2025 03:41:48 PM","41.747660197","-87.602222699","(41.747660197, -87.602222699)"
"28551","JJ103676","01/04/2025 12:17:00 PM","052XX W WASHINGTON BLVD","0110","HOMICIDE","FIRST DEGREE MURDER","ALLEY","false","false","1523","015","37","25","01A","1141534","1900251","2025","01/12/2025 03:41:48 PM","41.882359401","-87.755748665","(41.882359401, -87.755748665)"
"28660","JH460055","01/03/2025 03:34:00 PM","034XX W MARQUETTE RD","0110","HOMICIDE","FIRST DEGREE MURDER","PARK PROPERTY","false","false","0831","008","14","66","01A","1154386","1859967","2025","04/12/2025 03:40:33 PM","41.77156789","-87.709629524","(41.77156789, -87.709629524)"
"28548","JJ100160","01/02/2025 01:18:00 AM","012XX S SAWYER AVE","0110","HOMICIDE","FIRST DEGREE MURDER","HOUSE","true","true","1022","010","24","29","01A","1154891","1894243","2025","01/10/2025 03:41:24 PM","41.865615666","-87.706862288","(41.865615666, -87.706862288)"
"28549","JJ100988","01/01/2025 08:15:00 PM","015XX W WARREN BLVD","0110","HOMICIDE","FIRST DEGREE MURDER","APARTMENT","true","true","1224","012","27","28","01A","1166006","1900436","2025","04/15/2025 03:40:34 PM","41.882379941","-87.665881802","(41.882379941, -87.665881802)"
"28547","JJ100596","01/01/2025 02:06:00 PM","075XX S RACINE AVE","0110","HOMICIDE","FIRST DEGREE MURDER","TAVERN","false","false","0612","006","17","71","01A","1169629","1854690","2025","01/09/2025 03:41:07 PM","41.756770198","-87.653906431","(41.756770198, -87.653906431)"
"28546","JJ100293","01/01/2025 06:10:00 AM","022XX S CENTRAL PARK AVE","0110","HOMICIDE","FIRST DEGREE MURDER","APARTMENT","true","true","1024","010","22","30","01A","1152723","1888730","2025","02/15/2025 03:41:00 PM","41.850530492","-87.714966934","(41.850530492, -87.714966934)"
"28545","JJ100205","01/01/2025 03:57:00 AM","094XX S HARVARD AVE","0110","HOMICIDE","FIRST DEGREE MURDER","YARD","false","false","0634","006","9","49","01A","1175662","1842226","2025","01/09/2025 03:41:07 PM","41.722434522","-87.632168804","(41.722434522, -87.632168804)"
